uuid,name,conference_id,title,bio,type
spk-7c29993d-e758-4cc9-a4da-d21f00830eb6,Johnny Richards,180,Senior Software Engineer,"Johnny Richards, a Senior Software Engineer renowned for his expertise in software architecture, brings a dynamic approach to crafting scalable and efficient solutions. With a keen focus on architectural design and a commitment to staying at the forefront of industry trends, Johnny consistently delivers innovative and robust solutions for modern software development. His collaborative mindset and precision in translating complex requirements into elegant architectures make him a valuable asset to any project.",speaker
spk-ffe18ba7-b3cc-4bda-a658-8a83408a4dd1,Brynleigh Erickson,180,Lead Frontend Developer,"Meet Brynleigh Erickson, a highly skilled Lead Frontend Developer who thrives on turning creative visions into seamless user experiences. With a keen eye for design and a mastery of frontend technologies, Brynleigh leads with a passion for building intuitive and visually compelling web applications. As a driving force in frontend development, Brynleigh brings a unique blend of technical expertise and creativity to the table. Her proficiency in HTML, CSS, and JavaScript, coupled with a commitment to staying abreast of the latest frontend frameworks, ensures that she delivers cutting-edge solutions.",speaker
spk-e42b15b2-581b-4aa1-9f90-f7096cb49e00,Trinity Case,180,AI Researcher and Educator,"Meet Trinity Case, an AI Researcher and Educator shaping the future of artificial intelligence. With a deep commitment to innovative research and a passion for imparting knowledge, Trinity navigates the frontiers of AI, leaving a lasting impact on both research and education. As a researcher, Trinity's work encompasses cutting-edge developments in machine learning, with a focus on practical applications that impact diverse industries. Her dual role as a researcher and educator reflects a holistic approach to advancing AI knowledge and ensuring a sustainable impact on the broader community. Trinity Case stands at the forefront of AI, bridging research and education with unwavering dedication and expertise.",speaker
spk-695604d4-150c-49bf-b0ca-c2ff638a2318,Bentlee Maddox,180,Serverless Architect and Microservices Specialist,"Bentlee Maddox, a distinguished Serverless Architect and Microservices Specialist, is at the forefront of revolutionizing scalable and efficient cloud-based architectures. With expertise in crafting serverless solutions and optimizing microservices, Bentlee brings a strategic approach to modernizing and streamlining complex systems. Known for his innovative mindset and technical acumen, Bentlee excels in designing architectures that leverage the power of serverless computing and microservices for seamless, high-performance applications. His commitment to staying abreast of the latest cloud technologies ensures that he delivers cutting-edge solutions tailored to the evolving needs of the digital landscape.",speaker
spk-e5d78225-fbdc-4bba-9a50-23bf69c02cbb,Zainab Moran,180,Cloud Integration Engineer,"Zainab Moran, a seasoned Cloud Integration Engineer, brings a wealth of knowledge and expertise in seamlessly connecting systems while specializing in Microsoft Azure solutions. With a focus on optimizing cloud-based architectures, Zainab ensures organizations harness the full capabilities of Azure to drive efficiency, scalability, and innovation. Known for her adeptness in Azure services and technologies, Zainab navigates the intricacies of integration with precision, leveraging the power of Microsoft's cloud platform. Her commitment to staying abreast of the latest Azure developments positions her as a reliable resource for crafting robust and tailored solutions.",speaker
spk-0ce18020-30e9-4dd7-8333-d2afe14985dc,Sawyer Roberts,180,DevOps Engineer and Logging Enthusiast,"Sawyer Roberts, a dynamic DevOps Engineer, is passionate about the seamless integration of development and operations, with a keen focus on the intricate world of logging. With expertise in optimizing workflows and enhancing system observability, Sawyer is dedicated to creating robust, efficient, and well-monitored software environments. Known for a keen eye for detail and a love for logging technologies, Sawyer ensures that systems not only run smoothly but are also equipped with comprehensive logs for troubleshooting and performance analysis. His commitment to continuous integration and deployment practices reflects a proactive approach to maintaining the reliability and scalability of software systems.",speaker
spk-a5c5830a-39ae-41b5-a3c6-e5e2e149f81d,Josiah Leon,180,Software Engineering Manager and Leadership Advocate,"Josiah Leon, a seasoned Software Engineering Manager, combines technical prowess with a passion for leadership development. With a commitment to fostering a culture of innovation and excellence, Josiah leads software engineering teams to success while advocating for strong leadership principles. Known for his ability to bridge the gap between technical challenges and effective team collaboration, Josiah brings a strategic mindset to software development projects. His leadership advocacy extends beyond project management, emphasizing mentorship, skill development, and a collaborative approach to achieving organizational goals.",speaker
spk-19787856-43b9-4b88-b2e3-49c8b940d0b7,Jamie Boone,180,Technology Leadership Consultant,"Jamie Boone, a seasoned Technology Leadership Consultant, navigates the intersection of technology and leadership with finesse. With a wealth of experience in guiding organizations through technological transformations, Jamie specializes in empowering leaders to navigate the complexities of the digital landscape. Known for strategic thinking and a deep understanding of technology's role in organizational success, Jamie provides valuable insights to executives and teams. Her consultancy focuses on aligning technology initiatives with business objectives, fostering innovation, and nurturing a culture of continuous improvement.",speaker
spk-361cf55d-2488-4508-b9e4-d38afbc8e316,Mariam Hamilton,180,Senior Software Developer and C# Enthusiast,"Mariam Hamilton, a proficient Senior Software Developer, brings a wealth of expertise to the world of software development with a particular passion for the C# programming language. With a proven track record in crafting robust and scalable solutions, Mariam stands out as a dedicated professional committed to excellence in her field. Known for her mastery of C# and its application in developing innovative software solutions, Mariam navigates the intricacies of coding with precision and creativity. Her commitment to staying abreast of the latest developments in software engineering ensures that she consistently delivers high-quality, cutting-edge solutions.",speaker
spk-8c595361-098f-4b6d-b792-6ffd01fbef2d,Jason Cuevas,180,Improvisation Coach and Team Collaboration Specialist,"Meet Jason Cuevas, a unique professional who combines the art of improvisation with expertise in fostering effective team collaboration. As an Improvisation Coach and Team Collaboration Specialist, Jason brings a fresh and dynamic approach to building cohesive and high-performing teams. Known for his ability to infuse creativity and spontaneity into team dynamics, Jason helps organizations unlock their full potential through interactive workshops and coaching sessions. His innovative methods emphasize adaptability, communication, and collective problem-solving, creating an environment where teams thrive.",speaker
spk-c094a709-9dcd-4fd0-8aba-4f2cb58d5efa,Adele Castillo,180,Communication Specialist and Team Building Facilitator,"Adele Castillo, an adept Communication Specialist and Team Building Facilitator, brings a wealth of expertise in enhancing workplace dynamics. With a keen understanding of effective communication strategies and a passion for fostering collaboration, Adele is dedicated to creating cohesive and high-performing teams. Known for her ability to break down communication barriers and build bridges between team members, Adele conducts engaging workshops that inspire open dialogue, trust, and a shared sense of purpose. Her facilitation style promotes a positive work environment and empowers individuals to contribute their best to the team.",speaker
spk-524334f8-ed38-4e5b-8b21-51bbd7e68001,Kai George,180,Cloud Solutions Architect and .NET Enthusiast,"Kai George, a skilled Cloud Solutions Architect, combines a passion for innovative cloud solutions with a deep enthusiasm for the .NET framework. With a focus on designing scalable and resilient architectures, Kai is dedicated to harnessing the full potential of cloud technologies for optimal performance. Known for expertise in both cloud architecture and .NET development, Kai navigates the complexities of modern technology landscapes with precision. His commitment to staying at the forefront of both cloud and .NET advancements ensures that he delivers cutting-edge solutions tailored to the evolving needs of businesses.",speaker
spk-a7915f43-3914-4437-b355-70952fdceaf8,Adelyn Carter,180,DevOps Engineer and Cloud Platform Specialist,"Adelyn Carter, a seasoned DevOps Engineer, excels in the dynamic intersection of development and operations, specializing in cloud platforms. With a keen eye for streamlining workflows and optimizing cloud-based infrastructures, Adelyn is dedicated to enhancing the efficiency and reliability of software systems. Known for her expertise in navigating complex cloud environments, Adelyn is well-versed in deploying, automating, and managing cloud infrastructure. Her commitment to staying abreast of the latest advancements in DevOps practices and cloud technologies ensures that she delivers solutions that align with the dynamic needs of modern businesses.",speaker
spk-27a976e6-57db-480a-b5c0-d19f39d0d52a,Maverick Garner,180,Cloud Solutions Architect and AWS Specialist,"Maverick Garner, a seasoned Cloud Solutions Architect, is a dedicated professional with a focus on crafting innovative solutions within the AWS ecosystem. With expertise in designing and optimizing cloud architectures, Maverick ensures that organizations harness the full power of Amazon Web Services for scalable and efficient operations. Known for his proficiency in AWS services and technologies, Maverick navigates the intricacies of cloud architecture with precision. His commitment to staying at the forefront of AWS developments ensures that he consistently delivers cutting-edge solutions tailored to the evolving needs of businesses.",speaker
spk-f37c15fa-5d8d-42f1-9171-aa3983685952,Jacqueline Underwood,180,Agile Documentation Specialist,"Meet Jacqueline Underwood, a skilled Agile Documentation Specialist who excels in bringing clarity and efficiency to the software development process. With a focus on agile methodologies, Jacqueline combines her passion for precision with the adaptability required in fast-paced, collaborative environments. Known for her expertise in creating comprehensive and user-friendly documentation, Jacqueline plays a pivotal role in enhancing communication within Agile teams. Her commitment to agile principles ensures that documentation aligns seamlessly with development processes, fostering a transparent and streamlined workflow.",speaker
spk-6cd150b2-76e8-4e4f-9bad-f949d7d29ae8,Reece Walsh,180,Learning and Development Strategist,"Reece Walsh is a Learning and Development Strategist committed to shaping organizational growth through effective learning initiatives. With a strategic mindset and a passion for cultivating talent, Reece designs and implements programs that empower individuals and teams to thrive in dynamic environments. Known for his expertise in identifying learning needs and implementing targeted solutions, Reece emphasizes a learner-centric approach. His commitment to staying abreast of industry trends ensures that learning and development strategies align with the evolving demands of the professional landscape.",speaker
spk-9e3e0ecb-592a-4b4a-8ef4-2bec3fa552dc,Leia Schroeder,180,Enterprise Solutions Architect,"Leia Schroeder is a seasoned Enterprise Solutions Architect, bringing a wealth of expertise to the realm of designing and implementing robust systems for large-scale enterprises. With a strategic mindset and technical acumen, Leia is dedicated to crafting architectures that align with business objectives and drive organizational success. Known for her proficiency in analyzing complex requirements and translating them into scalable solutions, Leia navigates the intricacies of enterprise-level systems with precision. Her commitment to staying at the forefront of technology trends ensures that she delivers solutions that are not only reliable but also future-proof.",speaker
spk-4676b5c2-e159-4344-84ee-1c04e77d8e25,Izaiah Kent,180,Messaging Solutions Engineer,"Izaiah Kent is a seasoned Messaging Solutions Engineer with a specialization in designing and implementing robust communication systems within the Azure cloud ecosystem. With a focus on optimizing messaging solutions on Azure, Izaiah is committed to enhancing the efficiency and reliability of communication frameworks in cloud-based environments. Known for his expertise in leveraging Azure messaging services, Izaiah navigates the complexities of Azure cloud technologies with precision. His commitment to staying abreast of the latest developments in Azure ensures that he delivers solutions aligned with the dynamic needs of modern organizations relying on Microsoft's cloud platform.",speaker
spk-38933bb0-1299-47d4-9368-4a8850d9268f,Jazmine Graham,180,Distributed Systems Specialist,"Jazmine Graham is a skilled Distributed Systems Specialist, dedicated to navigating the complexities of designing and optimizing distributed architectures. With a focus on creating resilient and scalable systems, Jazmine brings a wealth of expertise to the realm of distributed computing. Known for her proficiency in managing the intricacies of distributed systems, Jazmine ensures that organizations harness the full potential of distributed technologies. Her commitment to staying at the forefront of advancements in distributed computing ensures that she delivers solutions aligned with the dynamic needs of modern businesses.",speaker
spk-3f1497b8-18d0-44f1-9a21-142de01e59ed,Giovanni York,180,Security Architect and .NET Evangelist,"Giovanni York is a seasoned Security Architect with a passion for the .NET framework, combining expertise in cybersecurity with a dedication to advancing the capabilities of Microsoft's development platform. Known for his meticulous approach to securing software ecosystems, Giovanni navigates the intricate landscape of cybersecurity with precision. His commitment to promoting the robust security features of .NET ensures that organizations not only build powerful applications but also prioritize the protection of sensitive data and assets.",speaker
spk-034bb351-997e-48e9-bba7-27b0b0016b7b,Milan Noble,180,Cloud Security Specialist and Azure Advocate,"Milan Noble is a proficient Cloud Security Specialist, specializing in ensuring robust security postures within the Azure cloud environment. With a strong commitment to safeguarding cloud-based infrastructures, Milan advocates for the secure utilization of Microsoft Azure services. Known for expertise in implementing and enhancing security measures, Milan navigates the intricacies of cloud security with precision. His dedication to staying abreast of the latest developments in Azure security ensures that organizations benefit from cutting-edge solutions to protect their data and applications.",speaker
spk-b0ed0d24-d64c-497e-8f5d-bd1fb79ac7c9,Idris Aguirre,180,AI Integration Specialist and Power Platform Expert,"Idris Aguirre is a seasoned AI Integration Specialist with a distinctive expertise in the Microsoft Power Platform. Dedicated to seamlessly integrating artificial intelligence solutions, Idris is known for harnessing the capabilities of the Power Platform to drive innovation and efficiency. With a focus on creating synergies between AI technologies and the Power Platform, Idris navigates the complexities of integration with precision. His commitment to staying at the forefront of AI advancements and Power Platform features ensures that organizations benefit from cutting-edge solutions that empower their business processes.",speaker
spk-477c7ac0-3dbc-4d59-9fad-87c7f1e9e7ac,Anais Jaramillo,180,Agile Practitioner and Transformation Specialist,"Anais Jaramillo is a seasoned Agile Practitioner with a focus on driving organizational transformation. Known for her expertise in Agile methodologies, Anais is dedicated to guiding teams and organizations through the dynamic process of adopting and optimizing Agile practices. With a strategic mindset and a commitment to fostering a culture of continuous improvement, Anais navigates the complexities of Agile transformations with precision. Her leadership in facilitating change and improving team dynamics contributes to the overall success of Agile initiatives within organizations.",speaker
spk-ed0e4b25-14c7-4a90-9f33-ad7b7deff0ee,Riggs Johnston,180,Penetration Tester and Application Security Expert,"Riggs Johnston is a seasoned Penetration Tester with specialized expertise in application security. Known for his meticulous approach to identifying and addressing vulnerabilities, Riggs is dedicated to ensuring the robust security of software applications in today's dynamic threat landscape. With a focus on performing comprehensive security assessments, Riggs navigates the complexities of penetration testing with precision. His commitment to staying at the forefront of the latest security threats and mitigation techniques ensures that organizations benefit from robust application security measures.",speaker
spk-54ede611-3ac4-4204-809a-3b4b54aa2431,Laila Reese,180,Product Design Specialist and Innovation Strategist,"Laila Reese is a Product Design Specialist with a unique focus on driving innovation through strategic design thinking. Known for her ability to blend creativity with a user-centric approach, Laila is dedicated to shaping products that not only meet user needs but also push the boundaries of innovation. With a strategic mindset and a commitment to staying abreast of design trends, Laila navigates the complexities of product design with precision. Her leadership in fostering innovation contributes to the overall success of projects, creating products that stand out in the market.",speaker
spk-2ba8d2cf-31ab-4781-8322-11aacfdbe973,Alijah Atkins,180,Automation Engineer and Cloud Testing Specialist,"Alijah Atkins is a skilled Automation Engineer specializing in cloud-based testing solutions. With a passion for ensuring the reliability and scalability of software applications, Alijah leverages automation tools and cloud technologies to streamline the testing process. Known for expertise in designing and implementing automated testing frameworks in cloud environments, Alijah navigates the complexities of testing with precision. His commitment to staying abreast of the latest developments in automation and cloud testing ensures that organizations benefit from efficient and effective testing practices.",speaker
spk-bbb9ab9a-ad21-4af6-8377-b0d92ca9aa23,Mina Carrillo,180,Automation Engineer and Cloud Testing Specialist,"Mina Carrillo is a proficient Automation Engineer specializing in cloud-based testing solutions. With a passion for ensuring the reliability and scalability of software applications, Mina leverages automation tools and cloud technologies to streamline and optimize the testing process. Known for her expertise in designing and implementing automated testing frameworks in cloud environments, Mina navigates the complexities of testing with precision. Her commitment to staying abreast of the latest developments in automation and cloud testing ensures that organizations benefit from efficient and effective testing practices.",speaker
spk-798e6e2e-e558-4432-8109-d4c3bc76fefe,Wade Enriquez,180,Database Architect and Redis Enthusiast,"Wade Enriquez is a seasoned Database Architect with a particular passion for Redis. Known for his expertise in designing robust and efficient database architectures, Wade excels in leveraging the capabilities of Redis to enhance data storage and retrieval processes. With a focus on optimizing performance and scalability, Wade navigates the intricacies of database design with precision. His commitment to staying abreast of the latest developments in Redis technology ensures that organizations benefit from cutting-edge solutions for their data management needs.",speaker
spk-9d344cab-ec6c-4f7f-a422-449265e37531,Nellie Madden,180,Software Architect and Microservices Evangelist,"Nellie Madden is a seasoned Software Architect with a fervent enthusiasm for microservices. Known for her expertise in crafting scalable and modular architectures, Nellie advocates for the adoption of microservices to drive innovation and flexibility in software development. With a strategic mindset and a commitment to staying at the forefront of architectural trends, Nellie navigates the complexities of software design with precision. Her leadership in promoting the benefits of microservices contributes to the overall success of projects, creating resilient and adaptable software systems.",speaker
spk-2152a606-a874-43cf-b72b-c03e8e3999ac,Tate Estrada,180,Lead Maintainer of Prism Framework,"Tate Estrada is a distinguished figure in the software development community, serving as the Lead Maintainer of the renowned Prism Framework. With a passion for maintaining and enhancing the framework's capabilities, Tate plays a pivotal role in ensuring the success and continuous improvement of Prism. Known for his technical acumen and commitment to open-source development, Tate navigates the complexities of software frameworks with precision. His leadership in maintaining the Prism Framework contributes to its reliability, innovation, and widespread adoption in the development community.",speaker
spk-c66675c0-6af1-47fd-88ca-98ba7e9c497c,Allison Lyons,180,Full-Stack Authorization Architect,"Allison Lyons is a seasoned professional serving as a Full-Stack Authorization Architect, specializing in creating secure and efficient authorization systems across the entire technology stack. With a focus on ensuring robust and compliant access controls, Allison plays a pivotal role in designing comprehensive and scalable authorization architectures. Known for her expertise in navigating the intricacies of full-stack authorization, Allison combines technical proficiency with a commitment to staying abreast of the latest security and compliance standards. Her role is crucial in implementing access controls that safeguard data and resources in modern software applications.",speaker
spk-be7580bb-53bd-4b32-8998-b197d6123ea7,Everest Woodward,180,Data Extraction Specialist,"Everest Woodward is a highly skilled Data Extraction Specialist, dedicated to unraveling valuable insights from complex datasets. With a focus on precision and efficiency, Everest specializes in developing and implementing advanced techniques for extracting, transforming, and loading (ETL) data. Known for his expertise in navigating diverse data sources and formats, Everest ensures the seamless extraction of information to support critical decision-making processes. His commitment to staying abreast of the latest data extraction technologies positions him as a reliable professional in the ever-evolving field of data management.",speaker
spk-05688376-1365-43a6-aca5-b70aa3daa3e1,Drew Olson,180,Culture Architect,"Drew Olson is a visionary Culture Architect, dedicated to shaping and enhancing organizational cultures for success. With a focus on cultivating positive work environments, fostering collaboration, and driving employee engagement, Drew plays a pivotal role in creating workplaces that thrive on innovation and inclusivity. Known for his expertise in aligning organizational values with daily practices, Drew navigates the intricacies of culture building with precision. His commitment to understanding and shaping workplace dynamics contributes to the development of vibrant and empowered organizational cultures.",speaker
spk-47d52acf-0365-4308-9a3b-73659359c7a8,Sawyer Roberts,180,Full-stack Developer,"Sawyer Roberts is a proficient Full-Stack Developer specializing in .NET MAUI (Multi-platform App UI), demonstrating a mastery of creating innovative and cross-platform solutions. With expertise in both frontend and backend development within the .NET MAUI framework, Sawyer delivers comprehensive and user-centric applications that run seamlessly across various platforms. Known for his meticulous approach to coding and adapting to the dynamic nature of cross-platform development, Sawyer navigates the intricacies of .NET MAUI with precision. His commitment to staying at the forefront of .NET MAUI advancements ensures that he creates cutting-edge and scalable solutions for diverse software projects.",speaker
spk-2a99d4e5-02ca-42c0-8a2e-15aada075bc5,Cyrus Watson,180,Software Engineer,"Cyrus Watson is a skilled Software Engineer, bringing expertise and innovation to the world of software development. With a passion for creating efficient and scalable solutions, Cyrus excels in crafting robust applications that meet the diverse needs of modern technology landscapes. Known for his meticulous coding practices and problem-solving abilities, Cyrus navigates the complexities of software engineering with precision. His commitment to staying abreast of the latest technologies ensures that he consistently delivers cutting-edge and high-performance software solutions.",speaker
spk-3fa3bd77-a1e6-4c11-8f30-dc649cf246ff,Easton Schultz,180,Senior Cloud Developer Advocate,"Easton Schultz is a distinguished Senior Cloud Developer Advocate, combining technical expertise with a passion for empowering developers in the cloud. With a focus on advocating for best practices and cloud technologies, Easton plays a crucial role in bridging the gap between developers and the expansive possibilities of cloud platforms. Known for his ability to communicate complex technical concepts with clarity and enthusiasm, Easton navigates the ever-evolving cloud landscape with precision. His commitment to empowering developers with the knowledge and tools needed to succeed in the cloud space contributes to the overall growth of cloud technology adoption.",speaker
spk-cd0aa684-3bc3-420d-a561-27a11f76f1b7,Hailey Reed,180,Senior Software Engineer and TypeScript Evangelist,"Hailey Reed is a seasoned Senior Software Engineer with a passion for advocating the use of TypeScript in modern software development. Known for her expertise in crafting robust and scalable solutions, Hailey excels in leveraging TypeScript to enhance code quality, maintainability, and overall developer experience. With a meticulous approach to coding practices and a commitment to best practices, Hailey navigates the complexities of software engineering with precision. Her advocacy for TypeScript extends beyond projects, contributing to the broader developer community's understanding and adoption of this powerful programming language.",speaker
spk-5733af57-e303-4882-8deb-984e66974dc8,Briella Anderson,180,Senior Software Engineer and Blazor Specialist,"Briella Anderson is a seasoned Senior Software Engineer with a distinctive focus on being a Blazor Specialist. Known for her expertise in crafting robust and interactive web applications using Blazor, Briella excels in leveraging this cutting-edge technology to create seamless user experiences. With a commitment to staying at the forefront of web development trends, Briella navigates the complexities of software engineering with precision. Her mastery of Blazor extends beyond conventional web development, contributing to the growth and adoption of this innovative framework within the developer community.",speaker
spk-ff5a60a3-39b1-4313-9b97-b5d967c07ce9,Jacob Boyle,180,Agile Coach and Azure DevOps Expert,"Jacob Boyle is a seasoned Agile Coach with a specialized focus on leveraging Azure DevOps to drive efficiency and collaboration within agile teams. Known for his expertise in facilitating agile transformations and optimizing development workflows, Jacob plays a pivotal role in empowering teams to deliver high-quality software with speed and agility. With a commitment to agile principles and a deep understanding of Azure DevOps capabilities, Jacob navigates the complexities of agile coaching and DevOps practices with precision. His leadership in implementing and optimizing Azure DevOps ensures that teams benefit from streamlined processes and enhanced collaboration throughout the software development lifecycle.",speaker
spk-8d5d3414-ae3b-4e58-8bbd-98e023675cac,Aliya Craig,180,Software Engineer and Concurrency Enthusiast,"Aliya Craig is a skilled Software Engineer with a passion for conquering the intricacies of concurrency in software development. Known for her expertise in designing and optimizing concurrent systems, Aliya excels in creating high-performance and scalable applications. With a meticulous approach to coding practices and a commitment to mastering the challenges of concurrency, Aliya navigates the complexities of software engineering with precision. Her enthusiasm for concurrency extends beyond projects, contributing to the broader understanding of concurrent programming principles within the developer community.",speaker
spk-3af43be5-95ad-42db-b10c-84d44858a90a,Odin Carpenter,180,Software Architect and NuGet Expert,"Odin Carpenter is a seasoned Software Architect with a distinctive expertise in NuGet, contributing to the robustness and modularity of software ecosystems. Known for his proficiency in designing scalable architectures, Odin specializes in harnessing the power of NuGet to enhance code reuse, maintainability, and overall software quality. With a commitment to staying at the forefront of software architecture trends and NuGet advancements, Odin navigates the complexities of software design with precision. His role as a NuGet expert extends beyond conventional development, contributing to the broader understanding and adoption of NuGet within the developer community.",speaker
spk-eb1f8ce2-2b1d-4da0-bea6-c50b9c56c5d7,Lilly Farmer,180,Senior Software Engineer and Technical Debt Cleanup Specialist,"Lilly Farmer is a seasoned Senior Software Engineer with a unique focus on mitigating technical debt within software projects. Known for her expertise in identifying and addressing code issues, Lilly excels in cleaning up technical debt to enhance system performance, maintainability, and overall software quality. With a meticulous approach to coding practices and a commitment to improving codebases, Lilly navigates the complexities of software engineering with precision. Her role as a Technical Debt Cleanup Specialist contributes to the long-term sustainability and agility of software systems.",speaker
spk-da130110-7a88-4a01-822e-5b77090cfbf0,Jamison Whitney,180,Cloud Solutions Architect and Infrastructure as Code (IaC) Enthusiast,"Jamison Whitney is a proficient Cloud Solutions Architect with a distinct enthusiasm for Infrastructure as Code (IaC). Known for his expertise in designing and optimizing cloud architectures, Jamison specializes in leveraging IaC principles to create scalable, repeatable, and automated cloud infrastructures. With a meticulous approach to cloud design and a commitment to streamlining deployment processes, Jamison navigates the complexities of cloud solutions with precision. His role as an IaC enthusiast extends beyond traditional architecture, contributing to the broader adoption of IaC practices within the cloud computing community.",speaker
spk-8c0261a9-59d7-48cc-99ac-808a9ad1a1d5,Madalynn Burch,180,Cloud Solutions Architect and Infrastructure as Code (IaC) Enthusiast,"Madalynn Burch is a seasoned Cloud Solutions Architect with a distinct passion for Infrastructure as Code (IaC). Known for her expertise in crafting scalable and efficient cloud architectures, Madalynn specializes in leveraging IaC principles to drive automation, repeatability, and consistency in cloud deployments. With a meticulous approach to cloud design and a commitment to streamlining operational workflows, Madalynn navigates the complexities of cloud solutions with precision. Her role as an IaC enthusiast extends beyond conventional architecture, contributing to the broader adoption of IaC practices within the dynamic landscape of cloud computing.",speaker
spk-f397905e-ef87-4a1d-8fe7-1b02630f4b8d,Gerald Luna,180,Senior Software Engineer and Performance Measurement Specialist,"Gerald Luna is a seasoned Senior Software Engineer with a unique specialization in performance measurement. Known for his expertise in evaluating and optimizing software performance, Gerald excels in implementing robust solutions that meet high-performance standards. With a meticulous approach to coding practices and a commitment to enhancing software efficiency, Gerald navigates the complexities of software engineering with precision. His role as a Performance Measurement Specialist contributes to the creation of applications that not only meet functional requirements but also excel in terms of speed, responsiveness, and resource utilization.",speaker
spk-52e4a641-3010-4621-a660-27f9367cf84a,Journey Tanner,180,Software Engineer and Performance Analysis Expert,"Journey Tanner is a skilled Software Engineer with a unique expertise in performance analysis. Known for her proficiency in evaluating and optimizing software performance, Journey excels in implementing solutions that prioritize efficiency, responsiveness, and scalability. With a meticulous approach to coding practices and a commitment to enhancing software performance, Journey navigates the complexities of software engineering with precision. Her role as a Performance Analysis Expert contributes to the creation of high-performing applications that meet and exceed user expectations.",speaker
spk-0b311e71-bd7a-4441-a307-23b079332717,Bruno Hudson,180,Software Developer and Code Performance Communicator,"Bruno Hudson is a skilled Software Developer with a unique role as a Code Performance Communicator. Known for his expertise in creating efficient and well-performing code, Bruno excels in effectively communicating the intricacies of code performance to diverse audiences. With a meticulous approach to coding practices and a commitment to optimizing code efficiency, Bruno navigates the complexities of software development with precision. His role as a Code Performance Communicator contributes to fostering a deeper understanding of performance considerations within development teams and the broader community.",speaker
spk-aab7c3ed-5930-4040-92a0-7bb8ed848849,Kamila Knapp,180,Data Privacy Advocate and Compliance Specialist,"Kamila Knapp is a dedicated Data Privacy Advocate with a specialization in ensuring compliance within the evolving landscape of data protection regulations. Known for her expertise in navigating privacy frameworks, Kamila plays a crucial role in championing data privacy principles and fostering a culture of compliance within organizations. With a meticulous approach to privacy practices and a commitment to staying abreast of the latest regulations, Kamila navigates the complexities of data privacy with precision. Her role as a Compliance Specialist contributes to the development and implementation of robust privacy policies and practices.",speaker
spk-4cc65739-1398-4b5c-ac77-75a3d5e3cd1c,Boden Nguyen,180,Software Engineer and Azure Authentication Enthusiast,"Boden Nguyen is a skilled Software Engineer with a distinct enthusiasm for Azure Authentication. Known for his expertise in crafting secure and seamless authentication solutions, Boden excels in leveraging Azure services to enhance the identity and access management aspects of software applications. With a meticulous approach to coding practices and a commitment to staying at the forefront of Azure Authentication technologies, Boden navigates the complexities of software engineering with precision. His role as an Azure Authentication Enthusiast extends beyond conventional development, contributing to the broader adoption of secure authentication practices within the Azure ecosystem.",speaker
spk-60a25eea-6695-4eef-83ff-b1d15b98828c,Nova Vasquez,180, Cloud Solutions Architect and Azure AD Expert,"Nova Vasquez is a seasoned Cloud Solutions Architect with a distinct expertise in Azure Active Directory (Azure AD). Known for her proficiency in designing and implementing secure cloud architectures, Nova specializes in leveraging Azure AD to enhance identity and access management within cloud solutions. With a meticulous approach to cloud design and a commitment to staying at the forefront of Azure AD advancements, Nova navigates the complexities of cloud solutions with precision. Her role as an Azure AD Expert contributes to the development of robust and secure cloud infrastructures, ensuring effective identity and access controls.",speaker
spk-419752bf-14ed-4292-9e40-b83bfa66a4bb,Liam Farmer,180,Software Architect and Messaging Technology Expert,"Liam Farmer is a seasoned Software Architect with a distinctive expertise in messaging technologies. Known for his proficiency in designing and optimizing communication systems, Liam specializes in leveraging cutting-edge messaging technologies to create efficient and scalable software architectures. With a meticulous approach to software design and a commitment to staying at the forefront of messaging technologies, Liam navigates the complexities of software architecture with precision. His role as a Messaging Technology Expert extends beyond conventional development, contributing to the broader understanding and adoption of advanced messaging systems within the technology community.",speaker
spk-19639b7d-7d77-4c7a-b1f3-a83651987637,Rowan Pope,180,Frontend Architect and React Specialist,"Rowan Pope is a skilled Frontend Architect with a distinct specialization in React. Known for his proficiency in crafting innovative and user-centric frontend solutions, Rowan excels in leveraging React to create seamless and responsive user interfaces. With a meticulous approach to frontend architecture and a commitment to staying at the forefront of React advancements, Rowan navigates the complexities of web development with precision. His role as a React Specialist extends beyond conventional frontend design, contributing to the broader adoption and evolution of React within the developer community.",speaker
spk-8fc4d6b3-16fa-49da-baaf-b295c53f70dd,Aurelia Gray,180,Software Architect and Design Patterns Maven,"Aurelia Gray is a seasoned Software Architect with a distinctive expertise in design patterns. Known for her proficiency in designing robust and scalable software architectures, Aurelia excels in applying and advocating for best practices in design patterns to enhance code maintainability and flexibility. With a meticulous approach to software design and a commitment to staying at the forefront of design pattern principles, Aurelia navigates the complexities of software architecture with precision. Her role as a Design Patterns Maven extends beyond conventional development, contributing to the broader understanding and adoption of effective design patterns within the software engineering community.",speaker
spk-82b13877-364e-4827-bbff-0c7ede806548,Nicholas Felix,180,Cloud Solutions Architect and ASP.NET Core Enthusiast,"Nicholas Felix is a seasoned Cloud Solutions Architect with a distinct passion for ASP.NET Core. Known for his expertise in designing and optimizing cloud architectures, Nicholas specializes in leveraging ASP.NET Core to create scalable and high-performance web applications in the cloud. With a meticulous approach to cloud design and a commitment to staying at the forefront of ASP.NET Core advancements, Nicholas navigates the complexities of cloud solutions with precision. His role as an ASP.NET Core Enthusiast extends beyond conventional architecture, contributing to the broader understanding and adoption of ASP.NET Core within the developer community.",speaker
spk-202aeab9-066d-4935-81c5-4c5032a2b0cc,Paisleigh Small,180,Cognitive Scientist and Problem-Solving Expert,"Paisleigh Small is a distinguished Cognitive Scientist with a unique focus on problem-solving expertise. Known for her proficiency in understanding human cognition and decision-making processes, Paisleigh specializes in applying cognitive science principles to tackle complex problems effectively. With a meticulous approach to cognitive research and a commitment to enhancing problem-solving capabilities, Paisleigh navigates the complexities of cognitive science with precision. Her role as a Problem-Solving Expert contributes to fostering innovative approaches and solutions within various domains.",speaker
spk-bd3cf8f4-1764-4401-8166-1aa4a23196cb,Rudy Velasquez,180,Mobile App Architect and Database Strategies Expert,"Rudy Velasquez is a seasoned Mobile App Architect with a distinct expertise in database strategies. Known for his proficiency in designing and optimizing databases for mobile applications, Rudy specializes in creating robust and efficient data storage solutions that enhance the performance of mobile apps. With a meticulous approach to mobile app architecture and a commitment to staying at the forefront of database technologies, Rudy navigates the complexities of app development with precision. His role as a Database Strategies Expert extends beyond conventional architecture, contributing to the broader understanding and adoption of effective database strategies within the mobile app development community.",speaker
spk-d9964f16-5664-4975-999c-978699257403,Esme Savage,180,AI Enthusiast and Microsoft Technology Advocate,"Esme Savage is a passionate AI enthusiast with a focus on advocating for Microsoft technologies. Known for her expertise in artificial intelligence and commitment to promoting Microsoft's innovative solutions, Esme plays a crucial role in bridging the gap between AI advancements and the technology community. With a meticulous approach to understanding and implementing AI technologies, Esme navigates the complexities of AI with precision. Her role as a Microsoft Technology Advocate extends beyond conventional AI practices, contributing to the broader understanding and adoption of Microsoft's cutting-edge technologies within the AI landscape.",speaker
spk-659fa6c0-b530-465d-8003-a1566e513d5d,Keaton Pace,180,"Software Engineer, Solution Architect","Keaton Pace is a dynamic professional with a dual role as a Software Engineer and Solution Architect. Known for his proficiency in crafting innovative solutions, Keaton excels in both developing software and designing comprehensive architectures that meet the diverse needs of modern technology landscapes. With a meticulous approach to coding practices and architectural design, Keaton navigates the complexities of software engineering with precision. His dual role allows him to seamlessly integrate the intricacies of software development with a strategic mindset, ensuring that solutions are not only functional but also well-aligned with overarching business goals.",speaker
spk-de438252-bbe5-4763-b8a9-b373210a7144,Giana Murray,180,"Solution Architect, Call Center Specialist","Giana Murray is a Solution Architect with a specialized focus on call center solutions. Known for her proficiency in designing comprehensive architectures tailored to optimize call center operations, Giana excels in creating solutions that enhance customer interactions and streamline communication workflows. With a meticulous approach to solution architecture and a commitment to understanding the intricacies of call center dynamics, Giana navigates the complexities of her role with precision. Her expertise extends beyond conventional architecture, contributing to the broader enhancement of call center technologies and practices.",speaker
spk-144eea69-68a1-4e88-be45-cace892b51eb,Ashton Crane,180,Cross-Platform Web Developer,"Ashton Crane is a skilled Cross-Platform Web Developer with a passion for creating seamless and engaging web experiences across various platforms. Known for his proficiency in web development technologies that transcend platform boundaries, Ashton excels in delivering responsive and user-friendly applications. With a meticulous approach to coding practices and a commitment to staying abreast of the latest cross-platform web development trends, Ashton navigates the complexities of web development with precision. His role as a Cross-Platform Web Developer contributes to the creation of versatile and accessible web applications.",speaker
spk-1a1e1888-179f-4a3e-acba-3d8fa8de5ae3,Della Mann,180,Cross-Platform Web Developer,"Della Mann is a proficient Cross-Platform Web Developer with a focus on creating versatile and engaging web experiences that transcend platform boundaries. Known for her expertise in web development technologies, Della excels in delivering responsive and user-friendly applications that seamlessly adapt to various devices. With a meticulous approach to coding practices and a commitment to staying at the forefront of cross-platform web development trends, Della navigates the complexities of web development with precision. Her role as a Cross-Platform Web Developer contributes to the creation of dynamic and accessible web applications.",speaker
spk-5133467f-c271-4423-b42f-0669cdd718ec,Nehemiah Howell,180,Software Engineer,"Nehemiah Howell is a skilled Software Engineer with a passion for crafting innovative and efficient solutions. Known for his proficiency in coding practices and problem-solving, Nehemiah excels in developing robust and scalable software applications. With a meticulous approach to software engineering and a commitment to staying abreast of the latest technologies, Nehemiah navigates the complexities of software development with precision. His role as a Software Engineer contributes to the creation of impactful and high-performance software solutions.",speaker
spk-19ad38df-fd52-4640-8916-0c491e56f78b,Mckenna Khan,180,UX-Focused Back-End Developer,"Mckenna Khan is a talented Back-End Developer with a distinctive focus on enhancing user experiences. Known for her expertise in back-end development and a keen understanding of user-centric design principles, Mckenna excels in creating seamless and efficient digital experiences. With a meticulous approach to coding practices and a commitment to bridging the gap between back-end functionality and user satisfaction, Mckenna navigates the complexities of development with precision. Her role as a UX-Focused Back-End Developer contributes to the creation of back-end systems that not only meet technical requirements but also elevate the overall user experience.",speaker
spk-d8f302f9-b2d8-46c6-bd2f-49bddba8d722,Elina Dudley,180,Cloud Migration Specialist,"Elina Dudley is a seasoned professional specializing in cloud migration, with a specific focus on Microsoft Azure. Known for her expertise in seamlessly transitioning applications and systems to Azure environments, Elina excels in designing and implementing migration strategies that optimize performance, scalability, and cost-effectiveness within the Azure cloud platform. With a meticulous approach to Azure architecture and a commitment to staying abreast of the latest Azure technologies, Elina navigates the complexities of cloud migration with precision. Her role as a Cloud Migration Specialist extends to leveraging the full potential of Azure services to ensure a smooth and successful transition for organizations.",speaker
spk-3667e928-c0b3-433f-8033-352d248ad6b1,Kendrick Compton,180,Career Empowerment Advocate,"Kendrick Compton is a passionate advocate for career empowerment, dedicated to guiding individuals towards success in their professional journeys. With a keen understanding of career development and personal growth, Kendrick specializes in providing valuable insights, mentorship, and resources to empower individuals in achieving their career aspirations. With a heartfelt commitment to fostering career advancement and personal fulfillment, Kendrick navigates the complexities of the modern professional landscape with empathy and precision. His role as a Career Empowerment Advocate extends beyond conventional career advice, contributing to the broader mission of empowering individuals to unlock their full potential in the professional realm.",speaker
spk-5d547311-ab58-4316-8331-b1daea45872e,Colter Mayer,180,Software Development Tools Expert,"Colter Mayer is a seasoned professional with a distinct expertise in software development tools. Known for his proficiency in leveraging a wide array of tools that enhance the software development lifecycle, Colter excels in optimizing workflows, boosting productivity, and ensuring the adoption of best practices across development teams. With a meticulous approach to tool selection and a commitment to staying at the forefront of industry advancements, Colter navigates the complexities of software development with precision. His role as a Software Development Tools Expert extends beyond conventional practices, contributing to the broader understanding and adoption of efficient tools within the software development community.",speaker
spk-976d2937-f160-43cb-b8e9-7a1d0a329cc7,Ainhoa Rollins,180,.NET Messaging Architect,"Ainhoa Rollins is a skilled professional with a focus on .NET messaging architecture. Known for her expertise in designing and implementing messaging solutions within the .NET framework, Ainhoa excels in creating robust and efficient communication systems that facilitate seamless interaction between components. With a meticulous approach to .NET development and a commitment to staying abreast of the latest messaging technologies, Ainhoa navigates the complexities of messaging architecture with precision. Her role as a .NET Messaging Architect extends beyond conventional development, contributing to the broader enhancement of communication practices within the .NET ecosystem.",speaker
spk-c5dbbfd6-8db4-4552-bbb2-be62745fcfb4,Wes McCarthy,180,NoSQL Database Migration Specialist,"Wes McCarthy is a seasoned professional with a distinct expertise in NoSQL database migration. Known for his proficiency in seamlessly transitioning databases to NoSQL solutions, Wes excels in designing and implementing migration strategies that optimize performance, scalability, and data flexibility. With a meticulous approach to database migration and a commitment to staying at the forefront of NoSQL technologies, Wes navigates the complexities of data management with precision. His role as a NoSQL Database Migration Specialist contributes to the successful adoption of NoSQL databases for organizations seeking enhanced data storage and retrieval capabilities.",speaker
spk-c9b26ada-760d-4a55-8d0c-f473e8680304,Kira Rios,180,Azure Resilience Architect,"Kira Rios is a seasoned professional with a specific focus on Azure resilience architecture. Known for her expertise in designing robust and fault-tolerant solutions within the Azure cloud platform, Kira excels in creating architectures that ensure applications remain resilient in the face of disruptions. With a meticulous approach to Azure architecture and a commitment to staying at the forefront of resilience best practices, Kira navigates the complexities of cloud design with precision. Her role as an Azure Resilience Architect extends beyond conventional cloud architecture, contributing to the broader understanding and adoption of resilience principles within the Azure ecosystem.",speaker
spk-1375fa34-5da3-4315-8deb-5a08a4ff2478,Israel Moon,180,GenAI Specialist,"Israel Moon is a skilled professional with a focus on GenAI (General Artificial Intelligence). Known for his expertise in the broader field of artificial intelligence, Israel excels in understanding and implementing solutions that encompass various AI applications and capabilities. With a meticulous approach to AI development and a commitment to staying abreast of the latest advancements, Israel navigates the complexities of AI with precision. His role as a GenAI Specialist extends beyond conventional AI practices, contributing to the broader understanding and adoption of AI technologies across diverse domains.",speaker
spk-9f84c403-dd62-41fc-bda4-9ef0fd25352a,Holden Yoder,180,.NET Web Development Specialist,"Holden Yoder is a skilled professional with a focus on .NET web development. Known for his expertise in crafting innovative and robust web solutions within the .NET framework, Holden excels in creating dynamic and user-friendly web applications. With a meticulous approach to .NET development and a commitment to staying abreast of the latest web technologies, Holden navigates the complexities of web development with precision. His role as a .NET Web Development Specialist extends beyond conventional practices, contributing to the broader enhancement of web development within the .NET ecosystem.",speaker
spk-3857cf87-e618-4b5a-a8d0-179a2211febc,Naya Richards,180,React Accessibility Specialist,"Naya Richards is a skilled professional with a focus on React accessibility. Known for her expertise in developing React applications that prioritize inclusivity and user accessibility, Naya excels in creating web interfaces that ensure a seamless and user-friendly experience for individuals with diverse needs. With a meticulous approach to React development and a commitment to implementing accessibility best practices, Naya navigates the complexities of web development with precision. Her role as a React Accessibility Specialist extends beyond conventional practices, contributing to the broader mission of promoting inclusive design within the React community.",speaker
spk-376cac96-e836-4308-aa3e-2612a919d922,Emerie Hutchinson,180,Infrastructure as Code Specialist,"Emerie Hutchinson is a seasoned professional with a focus on Infrastructure as Code (IaC). Known for her expertise in designing and implementing IaC solutions, Emerie excels in creating scalable and automated infrastructures that streamline deployment and management processes. With a meticulous approach to infrastructure design and a commitment to staying at the forefront of IaC technologies, Emerie navigates the complexities of modern IT environments with precision. Her role as an Infrastructure as Code Specialist extends beyond conventional practices, contributing to the broader understanding and adoption of IaC principles within the technology community.",speaker
spk-ef820b47-aef1-48e3-9e45-4bbda815b101,Korbin Butler,180,Microsoft Dynamics 365 Developer,"Korbin Butler is a skilled professional specializing in Microsoft Dynamics 365 development. Known for his expertise in crafting tailored solutions within the Dynamics 365 ecosystem, Korbin excels in creating dynamic and efficient business applications that leverage the full capabilities of the platform. With a meticulous approach to Dynamics 365 development and a commitment to staying at the forefront of the platform's advancements, Korbin navigates the complexities of business application development with precision. His role as a Microsoft Dynamics 365 Developer extends beyond conventional practices, contributing to the broader enhancement of business processes and customer engagement within the Dynamics 365 community.",speaker
spk-7d6c0f69-1d64-419f-a0bf-1737889c7eb0,Athena Singleton,180,Microsoft Dynamics 365 Developer,"Athena Singleton is a skilled professional specializing in Microsoft Dynamics 365 development. Known for her expertise in crafting tailored solutions within the Dynamics 365 ecosystem, Athena excels in creating dynamic and efficient business applications that leverage the full capabilities of the platform. With a meticulous approach to Dynamics 365 development and a commitment to staying at the forefront of the platform's advancements, Athena navigates the complexities of business application development with precision. Her role as a Microsoft Dynamics 365 Developer extends beyond conventional practices, contributing to the broader enhancement of business processes and customer engagement within the Dynamics 365 community.",speaker
spk-5e723d0c-220d-49ce-a9bc-1e7e3b0d47af,Landyn Newton,180,Full Stack Developer,"Landyn Newton is a versatile Full Stack Developer with a passion for creating end-to-end solutions that seamlessly integrate front-end and back-end technologies. Known for his expertise in web development, Landyn excels in crafting dynamic and responsive applications that deliver exceptional user experiences. With a meticulous approach to coding practices and a commitment to staying abreast of the latest web technologies, Landyn navigates the complexities of full-stack development with precision. His role as a Full Stack Developer extends beyond conventional practices, contributing to the broader enhancement of web applications and digital experiences.",speaker
spk-6797bc57-97cf-4dea-8f3b-2be35aae74b0,Braelynn Rasmussen,180,Full Stack Developer,"Braelynn Rasmussen is a versatile Full Stack Developer with a passion for creating end-to-end solutions that seamlessly integrate front-end and back-end technologies. Known for her expertise in web development, Braelynn excels in crafting dynamic and responsive applications that deliver exceptional user experiences. With a meticulous approach to coding practices and a commitment to staying abreast of the latest web technologies, Braelynn navigates the complexities of full-stack development with precision. Her role as a Full Stack Developer extends beyond conventional practices, contributing to the broader enhancement of web applications and digital experiences.",speaker
spk-08db2a3d-7dfb-4746-bd99-ab2559bd5a6e,Will Foster,180,Privacy Architect,"Will Foster is a dedicated Privacy Architect with a focus on designing and implementing robust privacy solutions. Known for his expertise in ensuring the ethical and secure handling of sensitive information, Will excels in crafting architectures that prioritize privacy and compliance with data protection regulations. With a meticulous approach to privacy design and a commitment to staying abreast of the latest privacy laws and technologies, Will navigates the complexities of privacy architecture with precision. His role as a Privacy Architect extends beyond conventional practices, contributing to the broader understanding and adoption of privacy-centric principles within the technology and business communities.",speaker
spk-eb06d4f3-9b10-47ac-a66b-1cc32252621e,Brielle Skinner,180,DevOps Engineer,"Brielle Skinner is a skilled DevOps Engineer with a passion for streamlining development processes and fostering collaboration between development and operations teams. Known for her expertise in implementing continuous integration, continuous delivery, and automation practices, Brielle excels in creating efficient and scalable DevOps pipelines. With a meticulous approach to infrastructure as code and a commitment to staying abreast of the latest DevOps technologies, Brielle navigates the complexities of software development and operations with precision. Her role as a DevOps Engineer extends beyond conventional practices, contributing to the broader enhancement of development workflows and deployment strategies.",speaker
spk-3bd6b2d2-70eb-4a79-96b4-67e2c96e202c,Ridge Carter,180,Software Engineer,"Ridge Carter is a skilled Software Engineer with a passion for crafting innovative and efficient solutions. Known for his expertise in coding practices and problem-solving, Ridge excels in developing robust and scalable software applications. With a meticulous approach to software engineering and a commitment to staying abreast of the latest technologies, Ridge navigates the complexities of software development with precision. His role as a Software Engineer contributes to the creation of impactful and high-performance software solutions.",speaker
spk-68acbc60-9f9d-43e2-975c-2f28e5f632fb,Lucy Bernal,180,Software Engineer,"Lucy Bernal is a skilled Software Engineer with a passion for crafting innovative and efficient solutions. Known for her expertise in coding practices and problem-solving, Lucy excels in developing robust and scalable software applications. With a meticulous approach to software engineering and a commitment to staying abreast of the latest technologies, Lucy navigates the complexities of software development with precision. Her role as a Software Engineer contributes to the creation of impactful and high-performance software solutions.",speaker
spk-059c52b4-a87b-4926-95f8-d28617ba3403,Eithan Mason,180,Power Platform Developer,"Eithan Mason is a skilled professional specializing in Power Platform development. Known for his expertise in leveraging the capabilities of Power Platform tools, Eithan excels in crafting tailored solutions that empower organizations to automate processes, analyze data, and build efficient applications. With a meticulous approach to Power Platform development and a commitment to staying at the forefront of its advancements, Eithan navigates the complexities of creating business applications with precision. His role as a Power Platform Developer extends beyond conventional practices, contributing to the broader enhancement of business processes and productivity within the Power Platform community.",speaker
spk-e6669b66-cb33-4216-8345-fc4c166cb863,Sienna Acosta,180,Database Architect,"Sienna Acosta is a seasoned Database Architect with a focus on designing and optimizing database solutions. Known for her expertise in database management, Sienna excels in creating architectures that ensure efficient storage, retrieval, and management of data. With a meticulous approach to database design and a commitment to staying abreast of the latest technologies, Sienna navigates the complexities of database architecture with precision. Her role as a Database Architect extends beyond conventional practices, contributing to the broader enhancement of data management and storage strategies.",speaker
spk-ad2009ea-55a5-4a26-bbf0-a3c0937495fc,Jensen Potter,180,Database Engineer,"Jensen Potter is a skilled Database Engineer with a focus on designing and optimizing database solutions. Known for his expertise in database management, Jensen excels in creating architectures that ensure efficient storage, retrieval, and management of data. With a meticulous approach to database design and a commitment to staying abreast of the latest technologies, Jensen navigates the complexities of database engineering with precision. His role as a Database Engineer extends beyond conventional practices, contributing to the broader enhancement of data management and storage strategies.",speaker
spk-fc80897c-56b4-4fc7-a4ba-800d89ce7732,Rory Galvan,180,Independent Software Developer,"Rory Galvan is a versatile and independent software developer with a passion for crafting innovative solutions. Known for his autonomy and proficiency in coding practices, Rory excels in developing customized software applications tailored to meet the unique needs of his clients. With a self-directed approach to software development and a commitment to staying abreast of the latest technologies, Rory navigates the complexities of independent software development with precision. His role as an Independent Software Developer extends beyond conventional practices, contributing to the broader landscape of personalized and client-focused software solutions.",speaker
spk-7fd0fc63-d365-40c7-b60b-e5b758b26103,Kingsley Curtis,180,ASP.Net Developer,"Kingsley Curtis is a skilled ASP.Net Developer with a focus on crafting dynamic and scalable web applications. Known for his proficiency in ASP.Net development, Kingsley excels in creating robust and user-friendly solutions that leverage the full capabilities of the ASP.Net framework. With a meticulous approach to coding practices and a commitment to staying abreast of the latest web technologies, Kingsley navigates the complexities of ASP.Net development with precision. His role as an ASP.Net Developer extends beyond conventional practices, contributing to the broader enhancement of web applications and digital experiences.",speaker
spk-ca591c00-3930-4a2f-b7e8-fecb4d4d0826,Alexis McCall,180,Azure Solutions Architect,"Alexis McCall is a seasoned professional specializing in Azure Solutions Architecture. Known for her expertise in designing and implementing robust solutions within the Azure cloud platform, Alexis excels in creating architectures that ensure scalability, security, and optimal performance. With a meticulous approach to Azure architecture and a commitment to staying at the forefront of cloud technologies, Alexis navigates the complexities of cloud design with precision. Her role as an Azure Solutions Architect extends beyond conventional practices, contributing to the broader understanding and adoption of Azure best practices within the technology community.",speaker
spk-f39f9bf3-9751-48e1-97b5-b11a74313431,Leilani Richards,180,Software Engineer,"Leilani Richards is a highly skilled Software Engineer with a specific focus on distributed architecture and systems. Recognized for her expertise in designing and implementing solutions that leverage distributed computing principles, Leilani excels in creating scalable and resilient applications that operate across distributed environments. With a meticulous approach to distributed systems and a commitment to staying abreast of the latest advancements in distributed computing, Leilani navigates the complexities of software engineering with precision. Her role as a Software Engineer extends beyond conventional practices, contributing to the broader understanding and adoption of distributed architecture principles within the technology community.",speaker
spk-cf079c1a-191b-4e30-9d8e-879152b54f8e,Holden Navarro,180,Software Engineer,"Holden Navarro is a highly skilled Software Engineer specializing in leveraging Cypress for robust and efficient test automation. Known for his proficiency in designing and implementing test suites using Cypress, Holden excels in ensuring the quality and reliability of software applications. With a meticulous approach to test automation and a commitment to staying abreast of the latest testing technologies, Holden navigates the complexities of software engineering with precision. His role as a Software Engineer extends beyond conventional practices, contributing to the broader enhancement of testing processes and automation within the development lifecycle.",speaker
spk-381b7e61-4be2-47f7-bea2-f14810c2b18f,Winter Cain,180,Software Engineer,"Winter Cain is a skilled Software Engineer with a passion for crafting innovative and efficient solutions. Known for her expertise in coding practices and problem-solving, Winter excels in developing robust and scalable software applications. With a meticulous approach to software engineering and a commitment to staying abreast of the latest technologies, Winter navigates the complexities of software development with precision. Her role as a Software Engineer contributes to the creation of impactful and high-performance software solutions.",speaker
spk-9637ff1d-78a8-435f-86bc-c061b48f105a,Benson Vang,180,Message Bus Specialist,"Benson Vang is a seasoned professional specializing in message bus systems. Known for his expertise in designing and implementing efficient communication channels between distributed components, Benson excels in creating scalable and reliable architectures that facilitate seamless information exchange. With a meticulous approach to message bus design and a commitment to staying at the forefront of communication technologies, Benson navigates the complexities of distributed systems with precision. His role as a Message Bus Specialist extends beyond conventional practices, contributing to the broader understanding and adoption of messaging principles within the technology community.",speaker
spk-c15e4d5e-70f8-423c-975f-17be4150f8f4,Henry Hale,180,Software Developer,"Henry Hale is a skilled Software Developer with a passion for crafting efficient and innovative solutions. Known for his expertise in coding practices and problem-solving, Henry excels in developing robust and scalable software applications. With a meticulous approach to software development and a commitment to staying abreast of the latest technologies, Henry navigates the complexities of software engineering with precision. His role as a Software Developer contributes to the creation of impactful and high-performance software solutions.",speaker
spk-b3816988-51a6-42ca-9107-2fdb133dc297,Brinley Campos,180,Leadership Consultant,"Brinley Campos is a seasoned Leadership Consultant with a passion for guiding individuals and organizations towards effective leadership practices. Known for her expertise in leadership development, Brinley excels in facilitating positive organizational change, enhancing team collaboration, and fostering a culture of continuous improvement. With a meticulous approach to leadership consulting and a commitment to staying abreast of the latest leadership methodologies, Brinley navigates the complexities of organizational dynamics with precision. Her role as a Leadership Consultant extends beyond conventional practices, contributing to the broader enhancement of leadership capabilities within teams and organizations.",speaker
spk-01b19c1e-dc10-4c1e-94a7-f72d805c1daf,Gideon Conrad,180,Front-end Developer and Animation Enthusiast,"Gideon Conrad is a dynamic Front-end Developer and Animation Enthusiast with a passion for creating immersive digital experiences. With a keen eye for design and a knack for translating ideas into visually stunning and user-friendly interfaces, Gideon brings a unique blend of technical expertise and creative flair to every project. Having honed his skills in front-end development, Gideon is adept at turning concepts into responsive and interactive websites that captivate audiences. His commitment to staying at the forefront of technology trends ensures that his work not only meets but exceeds industry standards. Beyond coding, Gideon is fueled by a deep appreciation for animation, using motion and visuals to breathe life into digital landscapes. His enthusiasm for pushing the boundaries of what is possible in the digital realm is evident in his dedication to exploring new animation techniques and incorporating them seamlessly into his projects.",speaker
spk-74600ce6-0113-4455-8d47-ec62b5bf805d,Bexley Klein,180,Azure Engineer and Cloud Cost Optimization Specialist,"Meet Bexley Klein, your go-to Azure virtuoso. As an Azure Engineer and Cloud Cost Optimization Specialist, Bexley excels in crafting robust solutions on the Azure platform. His knack for optimizing cloud resources ensures that organizations leverage Azure's power efficiently while managing costs effectively. Bexley's expertise lies in the seamless integration of Azure services, making him a pivotal figure for businesses aiming to thrive in the cloud era. With a focus on performance and cost efficiency, Bexley Klein is your guide to unlocking the full potential of Azure.",speaker
spk-d3c122d3-8854-4e60-b842-595f8acc089a,Marco Henry,180,Corporate Software Architect,"Meet Marco Henry, your Corporate Software Architect extraordinaire. With a wealth of experience and a sharp focus on innovation, Marco is the mastermind behind cutting-edge software solutions. His expertise in crafting scalable and efficient systems tailored to corporate needs sets him apart. For businesses seeking a seasoned architect to elevate their software infrastructure, Marco Henry is the go-to professional.",speaker
spk-b959cace-64e1-462b-8687-9bf631056674,Summer Zhang,180,Messaging Solutions Expert,"Introducing Summer Zhang, your go-to Messaging Solutions Expert. With a keen understanding of communication technologies, Summer specializes in crafting seamless messaging solutions that elevate connectivity and collaboration. Her expertise spans a range of platforms, ensuring organizations benefit from effective and efficient messaging systems. As a dedicated professional in the field, Summer Zhang is your key to optimizing communication channels and enhancing connectivity for streamlined business operations.",speaker
spk-d8b90fce-6e82-43ed-8cd8-395a70293bc6,Isaias Greer,180,Database Performance Consultant,"Meet Isaias Greer, the Database Performance Consultant extraordinaire. With a focus on optimizing data efficiency, Isaias specializes in fine-tuning databases to deliver peak performance. Armed with a deep understanding of database systems, he excels in diagnosing issues, implementing solutions, and ensuring organizations' data management meets the highest standards. For businesses seeking to enhance their database performance and reliability, Isaias Greer is the go-to expert for a seamless and efficient data experience.",speaker
spk-ba4385fb-7f21-4022-9661-21e34ef5cb83,Reina Gould,180,Cloud Solutions Architect,"Introducing Reina Gould, the Cloud Solutions Architect shaping the future of digital infrastructure. With a passion for innovation and a wealth of expertise in cloud technologies, Reina excels in designing and implementing cutting-edge solutions. Her strategic approach ensures seamless integration of cloud services, optimizing performance, and scalability for organizations. For businesses navigating the cloud landscape, Reina Gould is the trusted architect dedicated to elevating your digital journey.",speaker
spk-8832f2e0-5245-4edb-b45f-baf53f27caea,Blaine Snow,180,Messaging Solutions Architect,"Meet Blaine Snow, a visionary Messaging Solutions Architect with a knack for transforming communication landscapes. With a deep understanding of messaging technologies, Blaine specializes in architecting solutions that redefine connectivity and collaboration. His expertise spans a spectrum of messaging platforms, ensuring organizations benefit from tailored and efficient communication systems. Blaine Snow is dedicated to creating seamless messaging architectures that not only meet but exceed the evolving needs of businesses. His strategic approach involves crafting solutions that enhance productivity, streamline communication channels, and foster effective collaboration.",speaker
spk-cc5ac524-e009-4e85-9722-a68f80eaaaf1,Alexia Abbott,180,Infrastructure as Code Specialist,"Introducing Alexia Abbott, an adept Infrastructure as Code Specialist at the forefront of modern IT transformation. With a passion for automating and optimizing infrastructure deployment, Alexia excels in crafting scalable and efficient solutions. Her expertise lies in translating complex infrastructure requirements into code, streamlining processes, and ensuring reliability in dynamic environments. As an Infrastructure as Code Specialist, Alexia is committed to empowering organizations to embrace agile and scalable infrastructures. She navigates the intricacies of cloud platforms and automation tools with precision, enabling businesses to achieve optimal performance and resource utilization.",speaker
spk-05130b4c-7832-42f7-b450-dcea8262f8ec,Kohen Contreras,180,Angular Developer and Reactive Patterns Enthusiast,"Meet Kohen Contreras, a dynamic Angular Developer and enthusiastic advocate of Reactive Patterns. With a passion for crafting engaging and responsive web applications, Kohen brings a unique blend of technical prowess and creative flair to the world of front-end development. As an Angular Developer, Kohen specializes in leveraging the power of the Angular framework to build dynamic and interactive user interfaces. His expertise extends to embracing Reactive Patterns, ensuring that applications not only respond seamlessly to user input but also maintain a high level of scalability and maintainability.",speaker
spk-5c29f411-ebc7-4917-a310-8d4ae75f2b7c,Daniela Wyatt,180,C# and .NET Development Specialist,"Introducing Daniela Wyatt, a proficient C# and .NET Development Specialist shaping the future of software excellence. With a dedication to precision and a deep understanding of the .NET framework, Daniela excels in crafting robust and scalable solutions. As a C# and .NET Development Specialist, Daniela brings forth a wealth of expertise in building high-performance applications. Her proficiency extends to creating seamless and efficient software, utilizing the full capabilities of the C# language and the .NET ecosystem.",speaker
spk-c3373804-7be5-49b6-8f35-26b51e362c78,Sam Sweeney,180,Database Architect and SQL Server Specialist,"Meet Sam Sweeney, your expert Database Architect and SQL Server Specialist, dedicated to shaping data landscapes with precision and innovation. With a wealth of experience in database design and optimization, Sam excels in architecting robust solutions that maximize efficiency and performance. As a Database Architect, Sam Sweeney possesses a deep understanding of SQL Server intricacies, ensuring seamless integration and optimal functionality. His expertise extends beyond conventional database structures, encompassing advanced techniques for data organization and retrieval.",speaker
spk-fce13f79-5735-49c8-82de-117152f5197c,Yara Newton,180,Database Performance Analyst,"Introducing Yara Newton, your Database Performance Analyst extraordinaire. With a keen eye for detail and a passion for optimization, Yara specializes in enhancing the efficiency and speed of database systems. As a Database Performance Analyst, Yara brings a wealth of expertise in analyzing and fine-tuning databases to ensure peak performance. Her strategic approach involves identifying and addressing bottlenecks, optimizing queries, and implementing best practices to enhance overall database functionality.",speaker
spk-1e9a5a4c-fb1a-4df6-9da8-cef57976a412,Santino Marsh,180,Java Language Expert,"Meet Santino Marsh, your Java Language Expert, dedicated to mastering the intricacies of Java and shaping powerful, scalable solutions. With a passion for clean and efficient code, Santino excels in Java development, leveraging its versatility for a wide range of applications. As a Java Language Expert, Santino brings a wealth of experience in building robust and reliable software systems. His expertise spans the entire Java ecosystem, from core language features to advanced frameworks, ensuring the delivery of high-quality and maintainable code.",speaker
spk-ae24081a-d1e8-49dd-a35f-036365f81b52,Adelina Rosario,180,Developer Advocate and Lifestyle Systems Enthusiast,"Meet Adelina Rosario, a passionate Developer Advocate and Lifestyle Systems Enthusiast. With a unique blend of technical expertise and a keen eye for enhancing daily living through technology, Adelina is dedicated to championing innovative solutions that seamlessly integrate into modern lifestyles. As a Developer Advocate, Adelina thrives on bridging the gap between technology and end-users, passionately advocating for developer communities and promoting the adoption of cutting-edge tools and practices. Her commitment extends beyond code, emphasizing the positive impact of technology on everyday life. Adelina Rosario is not only a tech enthusiast but also a lifestyle systems advocate, exploring ways to integrate technology harmoniously into various aspects of daily living. Her holistic approach aims to create solutions that not only meet technical requirements but also enhance the overall quality of life for users.",speaker
spk-94209f5d-8e92-486a-b209-0e64abd328b2,Jedidiah Small,180,Software Quality Specialist and Lifestyle Coach,"Introducing Jedidiah Small, a seasoned Software Quality Specialist and Lifestyle Coach, dedicated to ensuring excellence in both software development and personal well-being. As a Software Quality Specialist, Jedidiah brings a meticulous approach to ensuring the reliability and performance of software systems. His expertise lies in implementing robust testing strategies, identifying and addressing software vulnerabilities, and promoting best practices throughout the development lifecycle. Beyond software, Jedidiah is also a Lifestyle Coach, passionate about helping individuals achieve balance and wellness in their lives. Through personalized coaching, he empowers others to navigate the demands of a tech-driven world while prioritizing physical and mental well-being.",speaker
spk-fed4ad99-0157-4942-9892-25bd1ce4dc93,Zaria Thompson,180,Cloud Database Specialist,"Meet Zaria Thompson, your Cloud Database Specialist, navigating the intersection of data and the cloud with expertise and precision. Zaria is dedicated to architecting and optimizing cloud-based database solutions, ensuring seamless integration and peak performance. As a Cloud Database Specialist, Zaria brings a wealth of knowledge in designing and managing databases in cloud environments. Her expertise extends to leveraging cutting-edge cloud technologies to enhance data storage, retrieval, and overall database efficiency.",speaker
spk-d74467bb-3911-4b75-8e25-ee77c62b97d7,Theodore Moses,180,AI Enthusiast and OpenAI Advocate,"Meet Theodore Moses, an enthusiastic advocate of artificial intelligence and a dedicated supporter of OpenAI's mission. As an AI Enthusiast, Theodore is passionate about exploring the vast possibilities that AI offers and promoting its positive impact on various industries. With a keen interest in OpenAI's cutting-edge advancements, Theodore actively advocates for responsible AI development and ethical practices in artificial intelligence. His commitment extends to fostering a better understanding of AI technologies and their potential to shape a more innovative and inclusive future.",speaker
spk-1baa4442-84b6-4ec4-b613-f2851ee2e3e8,Karter Rivera,180,Data Evangelist and Technology Communicator,"Meet Karter Rivera, a dedicated Data Evangelist and Technology Communicator, passionate about demystifying the world of data and fostering a deeper understanding of its transformative power. In the role of a Data Evangelist, Karter is on a mission to spread awareness about the significance of data in today's digital landscape. Whether it's unlocking insights, driving innovation, or enhancing decision-making, Karter is committed to showcasing the immense value that data holds for individuals and organizations alike. As a Technology Communicator, Karter excels in translating complex technical concepts into accessible and engaging narratives. Through effective communication, Karter bridges the gap between technology and the wider audience, making data-driven insights more comprehensible and actionable.",speaker
spk-e498ab44-822b-4040-b94d-235f030371df,Charles Benson,180,Git and Version Control Specialist,"Introducing Charles Benson, your Git and Version Control Specialist, shaping the landscape of collaborative software development with precision and expertise. As a specialist in Git and version control, Charles brings a wealth of knowledge in streamlining and optimizing code management processes. His expertise lies in implementing robust version control strategies, ensuring seamless collaboration, and enabling efficient tracking of code changes throughout development cycles.",speaker
spk-ffbf60fd-b3a5-48f9-8bed-35fd974b0119,Collins Callahan,180,Security and Identity Specialist,"Meet Collins Callahan, your Security and Identity Specialist, dedicated to fortifying digital landscapes and ensuring the integrity of identity management systems. As a specialist in security and identity, Collins possesses a deep understanding of safeguarding digital assets and implementing robust identity protection measures. His expertise extends to designing and implementing security protocols, ensuring that systems remain resilient against evolving threats.",speaker
spk-647a76df-f0a1-423c-965c-8cc3308755f8,Quinton Waters,180,Angular Innovator and Web Development Enthusiast,"Introducing Quinton Waters, the Angular Innovator and fervent Web Development Enthusiast, constantly pushing the boundaries of interactive and dynamic user interfaces. As an Angular Innovator, Quinton specializes in harnessing the power of the Angular framework to create cutting-edge web applications. His expertise extends beyond conventional development, incorporating innovative solutions and best practices to deliver seamless and engaging user experiences. Quinton Waters is deeply passionate about the ever-evolving field of web development. Whether it's exploring new frameworks, implementing novel features, or optimizing performance, he remains at the forefront of technological advancements.",speaker
spk-73cc1efe-37c5-4eb6-90fc-d6187ecd9ade,Bristol Schultz,180,API Evolution Specialist,"Introducing Bristol Schultz, your API Evolution Specialist, dedicated to navigating the dynamic landscape of API development with precision and expertise. As a specialist in API evolution, Bristol excels in designing and implementing robust, scalable, and future-proof APIs. His expertise extends to anticipating and adapting to the evolving needs of applications, ensuring seamless integration and continuity in the ever-changing digital ecosystem.",speaker
spk-cfbe2ce9-c339-464b-b8a5-43c6d1c8c72e,Cody Maddox,180,Tech Industry Observer and Career Advocate,"Meet Cody Maddox, your dedicated Tech Industry Observer and Career Advocate, committed to staying at the forefront of industry trends and empowering professionals on their career journeys. As a Tech Industry Observer, Cody possesses a keen insight into the ever-evolving landscape of technology. He stays informed about emerging trends, disruptive innovations, and industry shifts, providing valuable perspectives on the direction of the tech world. In the role of a Career Advocate, Cody is passionate about supporting individuals in navigating their professional paths within the tech industry. Whether offering career advice, sharing insights into market demands, or facilitating skill development, Cody is committed to empowering professionals to achieve their career goals.",speaker
spk-bcffa734-f86b-407a-b5b4-f7a6ab9e3a68,Zainab Hayden,180,Communication Strategist,"Introducing Zainab Hayden, your dedicated Communication Strategist, adept at crafting compelling narratives and ensuring effective messaging for a variety of audiences. As a Communication Strategist, Zainab excels in developing communication plans that align with organizational goals. Her expertise lies in conveying complex information in a clear and impactful manner, whether for internal stakeholders or external audiences.",speaker
spk-54f96f77-3184-4364-b138-e79b80cbc059,Leroy Morse,180,Interview Coach,"Meet Leroy Morse, your dedicated Interview Coach, committed to empowering individuals with the skills and confidence needed to excel in interviews. As an Interview Coach, Leroy specializes in preparing candidates for a variety of interview scenarios. His expertise includes refining communication skills, providing insights into common interview questions, and offering strategies for showcasing one's unique strengths and qualifications. Leroy Morse is passionate about helping individuals navigate the often-challenging interview process, ensuring they present their best selves to potential employers. Whether it's honing resume details, perfecting the elevator pitch, or mastering behavioral questions, Leroy is dedicated to guiding individuals towards interview success.",speaker
spk-860c1c34-d50a-4f66-b9a0-490b5c293a89,Kairi Hester,180,.NET Developer and DevOps Enthusiast,"Meet Kairi Hester, a seasoned .NET Developer and devoted DevOps Enthusiast, seamlessly blending development expertise with a passion for optimizing workflows and collaboration. In the role of a .NET Developer, Kairi excels in crafting robust and scalable applications using the versatile .NET framework. Her proficiency extends from backend logic to frontend interfaces, ensuring a comprehensive understanding of the development process. As a DevOps Enthusiast, Kairi is dedicated to fostering a culture of collaboration and automation within development teams. She leverages DevOps principles to streamline workflows, enhance communication, and accelerate the delivery of high-quality software.",speaker
spk-ba02381a-4921-40ca-8b89-90f0d172baa2,Kevin,180,.NET Developer and DevOps Specialist,"Meet Kevin, your versatile .NET Developer and DevOps Specialist, dedicated to seamlessly integrating development processes and optimizing workflows for maximum efficiency. In the realm of .NET development, Kevin excels in creating robust and scalable applications, leveraging the full potential of the .NET framework. His expertise spans both backend logic and frontend interfaces, ensuring a holistic approach to application development. As a DevOps Specialist, Kevin is committed to cultivating collaboration and automation within development teams. He employs DevOps principles to streamline workflows, enhance communication, and accelerate the continuous delivery of high-quality software.",speaker
spk-2d343851-c2cc-4155-bbf8-ce5441e12fc9,Rene Robertson,180,Microservices Architect,"Introducing Rene Robertson, your Microservices Architect, shaping innovative and scalable solutions in the ever-evolving landscape of software architecture. As a Microservices Architect, Rene specializes in designing and implementing distributed systems that empower organizations to achieve flexibility, scalability, and resilience. With a deep understanding of microservices principles, Rene excels in breaking down complex applications into modular and manageable components.",speaker
spk-327852ed-4856-4c07-a8f9-1aeea774c491,Harmony Dunn,180,Software Engineer,"Meet Harmony Dunn, your dedicated Software Engineer, passionate about crafting elegant and efficient solutions in the ever-evolving realm of technology. As a Software Engineer, Harmony excels in translating complex ideas into functional and scalable code. Her expertise spans across various programming languages and technologies, enabling her to navigate the intricacies of software development with precision.",speaker
spk-b8317f93-0042-4944-8644-2e9345f146bf,Dawson Mosley,180,Mobile Development Strategist,"Meet Dawson Mosley, your Mobile Development Strategist, dedicated to shaping innovative and impactful mobile solutions in the dynamic landscape of app development. As a Mobile Development Strategist, Dawson specializes in formulating comprehensive strategies for creating mobile applications that meet business objectives and user needs. His expertise extends across various mobile platforms, ensuring a holistic approach to development, user experience, and performance optimization.",speaker
spk-e593dcd8-df0c-4a3c-b5f1-e10cb5380454,Zaniyah Gallagher,180, Agile Expert and Author,"Introducing Zaniyah Gallagher, an Agile Expert and Author, dedicated to transforming organizations through agile methodologies and sharing insights through the power of the written word. As an Agile Expert, Zaniyah excels in guiding teams through the principles of agility, fostering collaboration, and facilitating adaptive workflows. Her expertise spans various agile frameworks, ensuring organizations achieve flexibility and efficiency in their project management practices. Beyond her role as an Agile Expert, Zaniyah is an accomplished Author, sharing her knowledge and experiences in the agile space through written works. Her publications provide valuable perspectives on implementing agile methodologies and navigating the challenges of organizational transformation.",speaker
spk-d866628b-fcab-4b04-9a5b-6a58e20062a3,Martin Shadrach,180,Software Development Coach,"Meet Martin Shadrach, your dedicated Software Development Coach, committed to empowering individuals and teams to reach their full potential in the dynamic field of software development. As a Software Development Coach, Martin excels in providing guidance on coding best practices, fostering collaboration, and instilling a growth mindset within development teams. His expertise extends to mentoring individuals in their professional development journey, ensuring they navigate challenges and continuously improve their skills.",speaker
spk-7b2b8ef9-0dd9-41d7-9c89-8e3555265208,Marcos Zamora,180,Database Engineer,"Meet Marcos Zamora, your accomplished Database Engineer, dedicated to designing and optimizing robust data solutions in the ever-evolving landscape of database management. As a Database Engineer, Marcos excels in crafting efficient and scalable database architectures. His expertise spans various database systems, ensuring meticulous data modeling, optimization, and seamless integration with applications.",speaker
spk-f7557e6f-8c09-4bcf-8b6b-72dfe4f2b1fe,Sierra Buck,180,Database Administrator,"Introducing Sierra Buck, your dedicated Database Administrator, entrusted with the crucial responsibility of ensuring efficient, secure, and well-organized data management within organizations. As a Database Administrator, Sierra excels in designing, implementing, and maintaining database systems that form the backbone of data-driven operations. Her expertise spans database optimization, security, and seamless integration, guaranteeing reliable access to critical information.",speaker
spk-33afe8b0-1d75-4931-b139-75f8d2b97f50,Jon Macias,180,Security Engineer,"Introducing Jon Macias, a seasoned Security Engineer with a proficiency in fortifying digital landscapes against cyber threats. Jon is not only an expert in implementing robust security measures but also possesses a unique skill set in leveraging webhooks for real-time threat intelligence and incident response. As a Security Engineer, Jon specializes in designing and implementing comprehensive security strategies. His expertise extends to utilizing webhooks, enabling instant communication between security systems to detect and respond to security incidents in real-time. By integrating this technology, Jon ensures that potential threats are identified and addressed promptly, minimizing the impact on digital infrastructures.",speaker
spk-f38ee278-7800-4a23-8aef-22bc0819e058,Adley Blanchard,180,Software Testing Specialist,"Meet Adley Blanchard, a proficient Software Testing Specialist, meticulously ensuring the quality and reliability of software systems through rigorous testing methodologies. In the realm of software testing, Adley excels in designing and implementing comprehensive test plans, executing various testing types, and identifying potential bugs or issues within applications. His expertise spans functional, regression, and performance testing, contributing to the delivery of high-quality software products. Adley Blanchard is committed to maintaining the highest standards in software quality assurance. Through thorough testing practices, he ensures that software applications meet specified requirements and perform flawlessly in various scenarios.",speaker
spk-9b4a5bb6-5e9b-41ea-88f8-0f64e01794f3,Adler Blake,180,Software Testing Specialist,"Introducing Adler Blake, a seasoned Software Testing Specialist committed to ensuring the seamless functionality, reliability, and quality of software applications. In the realm of software testing, Adler stands out for his expertise in designing and executing comprehensive testing strategies. His proficiency spans various testing methodologies, including functional, regression, and performance testing. Adler's meticulous approach guarantees the identification and resolution of potential issues, contributing to the delivery of robust and error-free software products. Adler Blake is dedicated to upholding the highest standards of software quality assurance. His commitment to thorough testing practices ensures that applications not only meet but exceed user expectations, providing a flawless user experience.",speaker
spk-c10bad46-2bf1-4c90-944d-9d9905178b5a,Amanda Powell,180,Education Advocate,"Meet Amanda Powell, a passionate Education Advocate dedicated to fostering excellence in computer science education and empowering students to thrive in the digital age. As an Education Advocate in computer science, Amanda is committed to promoting the importance of computer science education in schools. Her advocacy extends to creating inclusive and accessible learning environments that inspire students to explore the world of programming, algorithms, and problem-solving. Amanda Powell believes in the transformative power of computer science education to equip the next generation with essential skills for the future. Whether collaborating with educators, policymakers, or industry partners, she works tirelessly to shape curricula, promote diversity in tech, and ensure that students have the resources they need to succeed.",speaker
spk-ba51857b-e45e-4a59-9d01-72a5a08a5fe0,Bennett Tanner,180,Java Developer and Cloud Specialist,"Meet Bennett Tanner, a proficient Java Developer and Cloud Specialist, seamlessly combining the power of Java with the versatility of cloud technologies to create innovative and scalable solutions. In the realm of Java development, Bennett excels in crafting robust and efficient applications. His expertise spans the entire software development lifecycle, from designing and coding to testing and deployment. As a Cloud Specialist, Bennett leverages cloud platforms to optimize performance, enhance scalability, and ensure the seamless integration of Java applications in cloud environments.",speaker
spk-ed142c7e-f55c-4c73-8b8e-6b330aab71cf,Harmoni Horn,180,Cloud Solutions Architect,"Meet Harmoni Horn, your accomplished Cloud Solutions Architect specializing in leveraging the power of Microsoft Azure to shape the digital future of organizations. With a deep understanding of Azure's capabilities, Harmoni excels in designing and implementing tailored solutions on the Azure platform. Her expertise extends from cloud infrastructure and data storage to advanced services like Azure DevOps, AI, and machine learning, ensuring organizations harness the full spectrum of Azure offerings. Harmoni Horn is committed to staying at the forefront of Azure innovations, guiding businesses through the intricacies of cloud adoption, and optimizing their Azure environments for efficiency and performance.",speaker
spk-ba6a357b-ea32-4be2-bc6f-be2cf1f8977d,Wilson Garner,180,Security Engineer,"Meet Wilson Garner, your dedicated Security Engineer, safeguarding digital landscapes and fortifying systems against evolving cyber threats. As a Security Engineer, Wilson specializes in implementing robust security measures, conducting risk assessments, and deploying defense strategies to protect organizations from potential vulnerabilities. His expertise spans a broad spectrum of cybersecurity practices, ensuring the resilience of digital infrastructures. Wilson Garner is committed to staying ahead of the cybersecurity curve, consistently adopting the latest defensive strategies, and mitigating risks to secure the confidentiality, integrity, and availability of sensitive information.",speaker
spk-b42e8a1a-2af2-46f4-96b9-507cc4b3f2d1,Jacqueline Simmons,180,Data Architect,"Introducing Jacqueline Simmons, your accomplished Data Architect, shaping the strategic framework for effective data management and utilization. As a Data Architect, Jacqueline excels in designing and implementing robust data architectures that drive organizational success. Her expertise spans data modeling, database design, and the integration of data systems, ensuring seamless and efficient information flow.",speaker
spk-736147a7-a8d2-4715-9eb8-2625dfd51d20,Harrison Travis,180,Data Engineer,"Join Harrison Travis in Data Patterns for Successful Applications as they navigate the complexities of data patterns in modern application development. Harrison, a skilled Data Engineer, will join Jacqueline in discussing the importance of choosing the right data management and storage tools based on business objectives. Explore patterns for handling sensitive data like Personally Identifiable Information (PII) and credit card information (PCI-DSS). Gain insights into data protection options for data in-transit and at rest, as well as strategies for keeping a history of changes with Event Sourcing. Don't miss this opportunity to delve into advanced data management patterns for building successful applications.",speaker
spk-66fda727-154c-4275-a083-b5ad51a68c40,Mazikee Decker,180,Infrastructure Engineer,"Meet Mazikee Decker, your dedicated Infrastructure Engineer, proficient in deploying and managing infrastructure as code using Terraform, a key tool in orchestrating and automating infrastructure provisioning. As an Infrastructure Engineer, Mazikee leverages Terraform to design, deploy, and maintain infrastructure across various cloud providers and on-premises environments. Her expertise includes creating declarative configurations, managing infrastructure changes efficiently, and ensuring the scalability and reliability of systems through Terraform's powerful capabilities.",speaker
spk-87f08c8c-d6c9-43da-85aa-02f2439afed2,Taylor Dennis,180,Agile Coach,"Meet Taylor Dennis, your dedicated Agile Coach, guiding teams and organizations on their journey to embrace and excel in Agile methodologies. As an Agile Coach, Taylor excels in fostering a culture of collaboration, adaptability, and continuous improvement. Her expertise spans Agile frameworks and practices, ensuring teams implement Agile principles effectively to enhance project delivery and organizational agility. Taylor Dennis is committed to facilitating Agile transformations, coaching teams through iterative processes, and promoting a mindset of transparency and accountability. Whether it's Scrum, Kanban, or other Agile approaches, Taylor is adept at tailoring methodologies to suit the unique needs and goals of each organization.",speaker
spk-227270bb-fbb6-43b9-8318-dc0638200c82,Maisie Ochoa,180,Technical Leader,"Meet Maisie Ochoa, your accomplished Technical Leader, guiding teams towards success through a combination of technical expertise, leadership acumen, and a commitment to excellence. As a Technical Leader, Maisie excels in providing strategic direction, fostering innovation, and ensuring the successful execution of technical projects. Her expertise spans a wide array of technologies, enabling her to navigate complex technical landscapes with ease. Maisie Ochoa is committed to cultivating a culture of collaboration, continuous learning, and high performance within her teams. Whether it's leading development projects, implementing new technologies, or driving technical excellence, Maisie stands at the forefront, steering her team towards success.",speaker
spk-5055a89c-ac8c-4c02-a7d5-4c21371c2ae5,Winston Hayden,180,Software Developer,"Meet Winston Hayden, your versatile Software Developer, committed to crafting innovative and efficient solutions in the dynamic world of software development. As a Software Developer, Winston excels in translating ideas into functional and scalable code. His expertise spans various programming languages, development frameworks, and technology stacks, ensuring a comprehensive understanding of the software development lifecycle. Winston Hayden is committed to staying abreast of the latest industry trends, adopting best practices, and leveraging innovative approaches to deliver high-quality software solutions. Whether it's developing web applications, mobile apps, or enterprise software, Winston stands ready to transform ideas into reality.",speaker
spk-ab443797-f381-4998-bfa4-e5290eee17c0,Avayah Curry,180,Developer and Functional Programming Enthusiast,"Meet Avayah Curry, a dedicated Developer and passionate Functional Programming Enthusiast, weaving elegance and efficiency into the fabric of software solutions. In the realm of development, Avayah excels in creating robust and maintainable code. Her expertise spans various programming paradigms, with a particular focus on functional programming. Avayah is committed to harnessing the power of functional programming languages and principles to deliver elegant, scalable, and bug-resistant software solutions.",speaker
spk-e847e907-e04d-4ff4-b0be-3b29064a56a0,Briggs Compton,180,Java Developer and OpenJ9 JVM Enthusiast,"Meet Briggs Compton, a seasoned Java Developer and fervent OpenJ9 JVM Enthusiast, dedicated to pushing the boundaries of Java performance and efficiency. As a Java Developer, Briggs excels in crafting robust and scalable applications using the versatile Java programming language. His expertise extends beyond conventional Java development, as he champions the adoption and optimization of the OpenJ9 Java Virtual Machine (JVM).",speaker
spk-360e1ba2-4583-49ca-a11d-59db41eaad1a,Elina Holloway,180,Agile Coach and Leadership Expert,"Meet Elina Holloway, your versatile Agile Coach and Leadership Expert, dedicated to empowering teams and organizations to thrive in the ever-evolving landscape of Agile methodologies. As an Agile Coach, Elina excels in fostering a culture of collaboration, adaptability, and continuous improvement. Her expertise spans various Agile frameworks, ensuring teams implement Agile principles effectively to enhance project delivery and organizational agility. Beyond Agile coaching, Elina is a Leadership Expert, guiding organizations in developing strong and adaptive leadership capabilities. She believes in the synergy between effective leadership and successful Agile transformations, creating environments where teams flourish and organizational goals are met.",speaker
spk-a828cccc-d6ae-4ada-b315-d0312791a3fc,Sutton Velazquez,180,Cybersecurity Analyst,"Introducing Sutton Velazquez, your dedicated Cybersecurity Analyst, committed to fortifying digital landscapes against evolving cyber threats. As a Cybersecurity Analyst, Sutton specializes in conducting thorough security assessments, identifying vulnerabilities, and implementing robust measures to safeguard sensitive information. His expertise spans network security, threat detection, and incident response, ensuring the resilience of digital infrastructures. Sutton Velazquez is committed to staying ahead of the cybersecurity curve, consistently adopting the latest defensive strategies, and mitigating risks to protect the confidentiality, integrity, and availability of critical data.",speaker
spk-440ecb4c-d869-42ff-98ce-591978e73590,Jaliyah Gutierrez,180,Security Consultant,"Meet Jaliyah Gutierrez, your adept Security Consultant, dedicated to providing expert guidance and solutions to fortify digital landscapes against evolving cyber threats. As a Security Consultant, Jaliyah specializes in conducting comprehensive security assessments, identifying vulnerabilities, and developing tailored strategies to enhance cybersecurity postures. Her expertise spans a wide array of security domains, including network security, application security, and risk management.",speaker
spk-d841fdaa-8ebb-4e21-8998-54c09174990c,Jason Hendrix,180,Senior Software Engineer,"Introducing Jason Hendrix, your accomplished Senior Software Engineer, bringing a wealth of experience and expertise to the dynamic world of software development. As a Senior Software Engineer, Jason excels in architecting and implementing robust and scalable solutions. His extensive knowledge spans various programming languages, development frameworks, and best practices, enabling him to navigate complex software development challenges with precision.",speaker
spk-715b5232-e9a3-45ad-acac-201db5ca8e40,Luca Cunningham,180,DevOps Engineer,"Meet Luca Cunningham, your proficient DevOps Engineer, dedicated to optimizing development workflows, enhancing collaboration, and ensuring the seamless delivery of high-quality software. As a DevOps Engineer, Luca excels in automating processes, deploying scalable infrastructure, and fostering a culture of continuous integration and delivery. His expertise spans a broad spectrum of DevOps tools and practices, ensuring that development and operations teams work cohesively to achieve efficient and reliable software delivery.",speaker
spk-e3f09f97-f087-400f-beb5-d2b2bbdae71b,Marley Tran,180,Remote Work Advocate,"Meet Marley Tran, your dedicated Remote Work Advocate, passionately championing the benefits and best practices of remote work in the ever-evolving landscape of the modern workplace. As a Remote Work Advocate, Marley specializes in promoting the advantages of flexible work arrangements, fostering a culture of remote collaboration, and providing insights into optimizing productivity outside traditional office settings. Her expertise extends to remote team dynamics, virtual communication strategies, and the utilization of digital tools for effective remote collaboration.",speaker
spk-593e9f5e-1fea-4133-b9ce-82a7bde0446e,Braxton Chung,180,ASP.NET Core Developer,"Meet Braxton Chung, your proficient ASP.NET Core Developer, specializing in crafting robust and high-performance web applications using the cutting-edge ASP.NET Core framework. As an ASP.NET Core Developer, Braxton excels in designing and implementing scalable and efficient solutions for the web. His expertise spans the entire development lifecycle, from conceptualization and coding to testing and deployment, ensuring the delivery of top-notch web applications.",speaker
spk-c43f1eb1-e5e9-40ce-a364-810a0b6b7ed9,Rivka Lawson,180,Data Solutions Architect,"Meet Rivka Lawson, your accomplished Data Solutions Architect, specializing in leveraging the power of Microsoft Azure to design and implement cutting-edge data solutions. With a deep understanding of Azure's capabilities, Rivka excels in crafting data architectures that harness the scalability, security, and performance offered by Azure cloud services. Her expertise extends from data storage and processing to advanced analytics and machine learning, ensuring organizations unlock the full value of their data assets. Rivka Lawson is committed to staying abreast of the latest advancements in Azure technologies, enabling businesses to leverage the full spectrum of Azure offerings for comprehensive data solutions.",speaker
spk-de692080-a183-451d-bad4-1e659e26ca00,Lane Hull,180,Software Architect,"Meet Lane Hull, your accomplished Software Architect, dedicated to shaping innovative and scalable solutions in the dynamic world of software development. As a Software Architect, Lane excels in designing and overseeing the implementation of robust software systems. His expertise spans the entire software development lifecycle, from initial concept and architecture to coding, testing, and deployment. Lane's strategic approach ensures that software solutions not only meet current requirements but also align with long-term business goals.",speaker
spk-5f11bbac-887a-45fa-9894-2fb475c5022f,Andi Church,180,Technology Strategist,"Meet Andi Church, your insightful Technology Strategist, dedicated to guiding organizations in navigating the complex landscape of technology to achieve strategic goals and innovation. As a Technology Strategist, Andi excels in developing comprehensive technology roadmaps aligned with business objectives. Her expertise spans a wide array of technologies, ensuring that organizations leverage the right tools to enhance efficiency, competitiveness, and overall success.",speaker
spk-474552e1-5222-4930-ade8-b7783a346a66,Terrance Bradford,180,Software Developer,"Meet Terrance Bradford, your versatile Software Developer, committed to crafting innovative and efficient solutions in the ever-evolving realm of software development. As a Software Developer, Terrance excels in translating ideas into functional and scalable code. His expertise spans various programming languages, development frameworks, and technology stacks, ensuring a comprehensive understanding of the software development lifecycle.",speaker
spk-0da86666-f09b-4925-83bb-969431a9347f,Rhea Snow,180,Agile Transformation Specialist,"Meet Rhea Snow, your dedicated Agile Transformation Specialist, committed to guiding organizations through the successful adoption and implementation of Agile methodologies. As an Agile Transformation Specialist, Rhea excels in fostering a culture of collaboration, adaptability, and continuous improvement within teams. Her expertise spans various Agile frameworks, ensuring organizations transition smoothly to Agile practices to enhance project delivery and organizational agility.",speaker
spk-bd5cd208-7922-4439-8fcc-73831adffe6e,Houston Boyd,180,SharePoint Specialist,"Meet Houston Boyd, your dedicated SharePoint Specialist, specializing in crafting tailored solutions within the Microsoft SharePoint ecosystem. As a SharePoint Specialist, Houston excels in designing, implementing, and optimizing SharePoint environments to streamline collaboration, document management, and business processes. His expertise spans SharePoint architecture, customization, and integration, ensuring organizations leverage SharePoint to its fullest potential. Houston Boyd is committed to staying abreast of the latest SharePoint advancements, adopting best practices, and providing strategic insights to enhance the productivity and efficiency of SharePoint deployments.",speaker
spk-ba6802ec-0a8c-4e0e-aa68-aa34ed988dcd,Georgia Hood,180,Blockchain Developer,"Meet Georgia Hood, your proficient Blockchain Developer, dedicated to exploring and implementing innovative solutions in the dynamic and transformative world of blockchain technology. As a Blockchain Developer, Georgia excels in designing, developing, and implementing blockchain solutions. Her expertise spans various blockchain platforms and frameworks, ensuring the creation of secure, transparent, and decentralized applications. From smart contract development to implementing consensus mechanisms, Georgia navigates the complexities of blockchain technology with precision.",speaker
spk-108d21ce-5259-4b0e-89e1-354077c362f5,Brixton Richard,180,Cloud Solutions Architect,"Meet Brixton Richard, your accomplished Cloud Solutions Architect, dedicated to shaping the future of digital infrastructure through innovative and scalable cloud solutions. As a Cloud Solutions Architect, Brixton excels in designing and implementing cutting-edge cloud architectures. His expertise spans various cloud platforms, ensuring seamless integration, optimal performance, and scalability for organizations navigating the digital landscape.",speaker
spk-953767cc-bacc-45ec-ae20-342a86d189ed,Davina Watts,180,Cloud Solutions Engineer,"Meet Davina Watts, your dedicated Cloud Solutions Engineer, shaping the digital landscape with innovative and efficient cloud solutions. As a Cloud Solutions Engineer, Davina excels in architecting and implementing robust cloud infrastructures. Her expertise spans various cloud platforms, ensuring organizations leverage the full potential of cloud services for optimal performance, scalability, and cost-effectiveness.",speaker
spk-b086dbe3-541b-40f3-8965-167d85c3d4b9,Dakota Stout,180,Senior Developer Advocate at Nylas,"Meet Dakota Stout, your esteemed Senior Developer Advocate at Nylas, passionately bridging the gap between technology and the developer community. As a Senior Developer Advocate, Dakota excels in championing developer-centric solutions, empowering them to harness the full potential of Nylas's offerings. Her expertise extends to creating engaging content, facilitating workshops, and building meaningful relationships within the developer community. Dakota Stout is committed to staying at the forefront of industry trends, advocating for best practices, and serving as a liaison between developers and Nylas to ensure a seamless and productive developer experience.",speaker
spk-1d0d19b4-0de1-4ae8-b532-1ac5fc579c9d,Chana Villarreal,180,Version Control Specialist,"Meet Chana Villarreal, your skilled Version Control Specialist, dedicated to optimizing collaboration and code management within software development projects. As a Version Control Specialist, Chana excels in implementing and managing version control systems, ensuring streamlined workflows and efficient collaboration among development teams. Her expertise spans various version control tools, methodologies, and best practices, ensuring the seamless integration of version control into the software development lifecycle.",speaker
spk-acd805d0-26f9-4e90-acb0-fe38ad62aa94,Nikolai Frederick,180,Data Scientist,"Nikolai Frederick is a skilled Data Scientist with a passion for uncovering insights from complex datasets. Recognized for his expertise in statistical analysis, machine learning, and data visualization, Nikolai excels in transforming raw data into meaningful and actionable information. With a meticulous approach to data science methodologies and a commitment to staying abreast of the latest advancements in the field, Nikolai navigates the complexities of data analysis with precision. His role as a Data Scientist contributes to the broader understanding and utilization of data-driven decision-making within various domains.",speaker
spk-02f2529d-610a-4f02-9c2a-b506ce974bfd,Sariyah Lam,180,Security Architect,"Sariyah Lam is a seasoned Security Architect with a passion for designing and implementing robust security solutions. Known for her expertise in cybersecurity, risk management, and secure architecture design, Sariyah excels in fortifying systems against potential threats and vulnerabilities. With a meticulous approach to security architecture and a commitment to staying at the forefront of cybersecurity technologies, Sariyah navigates the complexities of safeguarding information with precision. Her role as a Security Architect extends beyond conventional practices, contributing to the broader understanding and adoption of secure design principles within the technology community.",speaker
spk-d1392c52-c66b-485e-b5c6-ca6f6fc3b2bd,Bodie Reyes,180,Cybersecurity Engineer,"Bodie Reyes is a skilled Cybersecurity Engineer with a passion for ensuring the resilience and security of digital environments. Recognized for his expertise in implementing robust security measures, Bodie excels in identifying and mitigating cyber threats to safeguard sensitive information. With a meticulous approach to cybersecurity engineering and a commitment to staying abreast of the latest threat landscapes, Bodie navigates the complexities of securing digital infrastructures with precision. His role as a Cybersecurity Engineer contributes to the broader enhancement of digital resilience and protection against cyber threats.",speaker
spk-26063427-0075-4811-8007-a56af2769461,Audrey Harding,180,Data Scientist,"Audrey Harding is a skilled Data Scientist with a passion for uncovering insights from complex datasets. Recognized for her expertise in statistical analysis, machine learning, and data visualization, Audrey excels in transforming raw data into meaningful and actionable information. With a meticulous approach to data science methodologies and a commitment to staying abreast of the latest advancements in the field, Audrey navigates the complexities of data analysis with precision. Her role as a Data Scientist contributes to the broader understanding and utilization of data-driven decision-making within various domains.",speaker
spk-aa5b4c30-dbd8-43f7-b58e-57a726d869cc,Brodie Bernal,180,Database Architect,"Brodie Bernal is a seasoned Database Architect with a focus on designing and optimizing database solutions. Known for his expertise in database management, Brodie excels in creating architectures that ensure efficient storage, retrieval, and management of data. With a meticulous approach to database design and a commitment to staying abreast of the latest technologies, Brodie navigates the complexities of database architecture with precision. His role as a Database Architect extends beyond conventional practices, contributing to the broader enhancement of data management and storage strategies.",speaker
spk-f487fd7e-439a-4597-bda6-c71d7b307a77,Tatum Robertson,180,Leadership Coach,"Tatum Robertson is a seasoned Leadership Coach with a passion for empowering individuals and organizations to reach their full leadership potential. Known for her expertise in leadership development, coaching methodologies, and fostering a culture of continuous improvement, Tatum excels in guiding leaders to enhance their effectiveness and impact. With a meticulous approach to leadership coaching and a commitment to staying abreast of the latest leadership practices, Tatum navigates the complexities of personal and organizational development with precision. Her role as a Leadership Coach extends beyond conventional practices, contributing to the broader enhancement of leadership capabilities within teams and organizations.",speaker
spk-e4cddefc-b577-4600-8093-161a15b030d7,Harmony Shepard,180,Software Architect,"Harmony Shepard is a seasoned Software Architect with a passion for designing and crafting robust and scalable software solutions. Known for her expertise in software architecture, system design, and technology innovation, Harmony excels in creating architectures that align with business objectives and promote long-term sustainability. With a meticulous approach to software design principles and a commitment to staying abreast of the latest technologies, Harmony navigates the complexities of software architecture with precision. Her role as a Software Architect extends beyond conventional practices, contributing to the broader enhancement of software development practices and architectural patterns.",speaker
spk-f55731a6-8ab8-448c-822d-3a577f259ee7,Damari Harrell,180,Software Engineer,"Damari Harrell is a skilled Software Engineer with a passion for crafting innovative and efficient solutions. Known for his expertise in coding practices and problem-solving, Damari excels in developing robust and scalable software applications. With a meticulous approach to software engineering and a commitment to staying abreast of the latest technologies, Damari navigates the complexities of software development with precision. His role as a Software Engineer contributes to the creation of impactful and high-performance software solutions.",speaker
spk-5a8a6fce-27e1-48ea-9e9b-ec1637122fdf,Kara Bradford,180,DevOps Engineer,"Kara Bradford is a dedicated DevOps Engineer known for her expertise in streamlining development processes and ensuring seamless collaboration between teams. With a focus on optimizing workflows and enhancing efficiency, Kara excels in implementing robust DevOps practices. Meticulous in her approach to DevOps, Kara navigates the complexities of continuous integration and delivery with precision. Her commitment to staying abreast of the latest tools and methodologies contributes to the creation of streamlined and high-performance development pipelines.",speaker
spk-0b0ac836-b185-4aa8-a087-75075758a74b,Ander Montoya,180,Software Developer,"Ander Montoya is a skilled Software Developer with a passion for crafting efficient and innovative solutions. Known for his expertise in coding practices and problem-solving, Ander excels in developing robust and scalable software applications. With a meticulous approach to software development and a commitment to staying abreast of the latest technologies, Ander navigates the complexities of software engineering with precision. His role as a Software Developer contributes to the creation of impactful and high-performance software solutions.",speaker
